id,start_datetime,end_datetime,comments,location,limit,instructor,notes,is_chargeable,course_id,session_type,created_at,updated_at
26,2021-06-03 10:00:00+08,2021-06-03 12:00:00+08,"",EAST,5,"{""instructor"":[{""id"":8,""name"":""Miss Jody Gaylord"",""role"":""Main""}]}","{""notes"":[]}",t,9,"",2021-07-01 12:42:31.221+08,2021-11-05 14:36:55.097+08
16,2021-06-02 10:00:00+08,2021-06-02 12:00:00+08,"",EAST,5,"{""instructor"":[{""id"":8,""name"":""Miss Jody Gaylord"",""role"":""Main""}]}","{""notes"":[]}",t,9,"",2021-07-01 12:42:31.221+08,2021-11-05 14:36:55.099+08
4,2021-06-01 10:00:00+08,2021-06-01 12:00:00+08,"",EAST,5,"{""instructor"":[{""id"":8,""name"":""Miss Jody Gaylord"",""role"":""Main""}]}","{""notes"":[]}",t,9,"",2021-07-01 12:42:31.22+08,2021-11-05 14:36:55.1+08
23,2021-06-03 09:30:00+08,2021-06-03 12:00:00+08,"",HBL,5,"{""instructor"":[{""id"":1,""name"":""Emilio Kuhn"",""role"":""main""}]}","{""notes"":[]}",t,1,"",2021-07-01 12:42:31.221+08,2021-09-30 03:01:27.671+08
14,2021-06-02 09:30:00+08,2021-06-02 12:00:00+08,"",HBL,5,"{""instructor"":[{""id"":2,""name"":""Ms. Leon Lebsack"",""role"":""main""}]}","{""notes"":[]}",t,4,"",2021-07-01 12:42:31.221+08,2021-09-30 03:01:27.672+08
24,2021-06-03 09:30:00+08,2021-06-03 12:00:00+08,"",HBL,5,"{""instructor"":[{""id"":2,""name"":""Ms. Leon Lebsack"",""role"":""main""}]}","{""notes"":[]}",t,4,"",2021-07-01 12:42:31.221+08,2021-09-30 03:01:27.672+08
28,2021-06-03 13:00:00+08,2021-06-03 15:30:00+08,"",HBL,5,"{""instructor"":[{""id"":9,""name"":""Max Murray"",""role"":""main""},{""id"":7,""name"":""Miranda Tremblay"",""role"":""main""},{""id"":8,""name"":""Miss Jody Gaylord"",""role"":""main""}]}","{""notes"":[]}",t,11,"",2021-07-01 12:42:31.221+08,2021-09-30 03:01:27.676+08
7,2021-06-01 13:00:00+08,2021-06-01 15:30:00+08,"",HBL,5,"{""instructor"":[{""id"":2,""name"":""Ms. Leon Lebsack"",""role"":""main""}]}","{""notes"":[]}",t,14,"",2021-07-01 12:42:31.22+08,2021-09-30 03:01:27.678+08
19,2021-06-02 13:00:00+08,2021-06-02 15:30:00+08,"",HBL,5,"{""instructor"":[{""id"":2,""name"":""Ms. Leon Lebsack"",""role"":""main""}]}","{""notes"":[]}",t,14,"",2021-07-01 12:42:31.221+08,2021-09-30 03:01:27.678+08
9,2021-06-01 16:00:00+08,2021-06-01 18:30:00+08,"",HBL,5,"{""instructor"":[{""id"":4,""name"":""Ruben Jacobs"",""role"":""main""}]}","{""notes"":[]}",t,18,"",2021-07-01 12:42:31.22+08,2021-09-30 03:01:27.679+08
30,2021-06-03 16:00:00+08,2021-06-03 18:30:00+08,"",HBL,5,"{""instructor"":[{""id"":4,""name"":""Ruben Jacobs"",""role"":""main""}]}","{""notes"":[]}",t,18,"",2021-07-01 12:42:31.222+08,2021-09-30 03:01:27.679+08
21,2021-06-02 16:00:00+08,2021-06-02 18:30:00+08,"",HBL,5,"{""instructor"":[{""id"":5,""name"":""Angelo Mosciski"",""role"":""main""}]}","{""notes"":[]}",t,19,"",2021-07-01 12:42:31.221+08,2021-09-30 03:01:27.681+08
32,2021-06-03 20:00:00+08,2021-06-03 20:20:00+08,"",HBL,5,"{""instructor"":[{""id"":6,""name"":""Melba Farrell"",""role"":""main""}]}","{""notes"":[]}",t,23,"",2021-07-01 12:42:31.222+08,2021-09-30 03:01:27.682+08
38,2021-06-07 09:30:00+08,2021-06-07 12:00:00+08,"",HBL,5,"{""instructor"":[{""id"":5,""name"":""Angelo Mosciski"",""role"":""main""}]}","{""notes"":[]}",t,12,"",2021-07-01 12:42:31.222+08,2021-09-30 03:01:27.684+08
60,2021-06-08 16:00:00+08,2021-06-08 18:30:00+08,"",HBL,5,"{""instructor"":[{""id"":8,""name"":""Miss Jody Gaylord"",""role"":""main""}]}","{""notes"":[]}",t,12,"",2021-07-01 12:42:31.224+08,2021-09-30 03:01:27.685+08
59,2021-06-08 13:00:00+08,2021-06-08 15:30:00+08,"",HBL,5,"{""instructor"":[{""id"":3,""name"":""Kimberly Parker"",""role"":""main""},{""id"":11,""name"":""Kristy Schulist"",""role"":""main""}]}","{""notes"":[]}",t,7,"",2021-07-01 12:42:31.224+08,2021-09-30 03:01:27.693+08
61,2021-06-08 16:00:00+08,2021-06-08 18:30:00+08,"",HBL,5,"{""instructor"":[{""id"":6,""name"":""Melba Farrell"",""role"":""main""}]}","{""notes"":[]}",t,5,"",2021-07-01 12:42:31.224+08,2021-09-30 03:01:27.694+08
40,2021-06-07 09:30:00+08,2021-06-07 12:00:00+08,"",HBL,5,"{""instructor"":[{""id"":7,""name"":""Miranda Tremblay"",""role"":""main""}]}","{""notes"":[]}",t,33,"",2021-07-01 12:42:31.222+08,2021-09-30 03:01:27.688+08
54,2021-06-08 09:30:00+08,2021-06-08 12:00:00+08,"",HBL,5,"{""instructor"":[{""id"":7,""name"":""Miranda Tremblay"",""role"":""main""}]}","{""notes"":[]}",t,33,"",2021-07-01 12:42:31.223+08,2021-09-30 03:01:27.688+08
44,2021-06-07 13:00:00+08,2021-06-07 15:30:00+08,"",HBL,5,"{""instructor"":[{""id"":7,""name"":""Miranda Tremblay"",""role"":""main""},{""id"":9,""name"":""Max Murray"",""role"":""main""},{""id"":1,""name"":""Emilio Kuhn"",""role"":""main""}]}","{""notes"":[]}",t,2,"",2021-07-01 12:42:31.222+08,2021-09-30 03:01:27.69+08
58,2021-06-08 13:00:00+08,2021-06-08 15:30:00+08,"",HBL,5,"{""instructor"":[{""id"":7,""name"":""Miranda Tremblay"",""role"":""main""},{""id"":9,""name"":""Max Murray"",""role"":""main""},{""id"":1,""name"":""Emilio Kuhn"",""role"":""main""}]}","{""notes"":[]}",t,2,"",2021-07-01 12:42:31.224+08,2021-09-30 03:01:27.69+08
37,2021-06-07 09:30:00+08,2021-06-07 12:00:00+08,"",HBL,5,"{""instructor"":[{""id"":1,""name"":""Emilio Kuhn"",""role"":""main""},{""id"":11,""name"":""Kristy Schulist"",""role"":""main""}]}","{""notes"":[]}",t,29,"",2021-07-01 12:42:31.222+08,2021-09-30 03:01:27.691+08
51,2021-06-08 09:30:00+08,2021-06-08 12:00:00+08,"",HBL,5,"{""instructor"":[{""id"":1,""name"":""Emilio Kuhn"",""role"":""main""},{""id"":11,""name"":""Kristy Schulist"",""role"":""main""}]}","{""notes"":[]}",t,29,"",2021-07-01 12:42:31.223+08,2021-09-30 03:01:27.691+08
48,2021-06-07 16:00:00+08,2021-06-07 18:30:00+08,"",HBL,5,"{""instructor"":[{""id"":2,""name"":""Ms. Leon Lebsack"",""role"":""main""}]}","{""notes"":[]}",t,37,"",2021-07-01 12:42:31.223+08,2021-09-30 03:01:27.696+08
62,2021-06-08 16:00:00+08,2021-06-08 18:30:00+08,"",HBL,5,"{""instructor"":[{""id"":2,""name"":""Ms. Leon Lebsack"",""role"":""main""}]}","{""notes"":[]}",t,37,"",2021-07-01 12:42:31.224+08,2021-09-30 03:01:27.696+08
49,2021-06-07 16:00:00+08,2021-06-07 18:30:00+08,"",HBL,5,"{""instructor"":[{""id"":1,""name"":""Emilio Kuhn"",""role"":""main""},{""id"":9,""name"":""Max Murray"",""role"":""main""}]}","{""notes"":[]}",t,20,"",2021-07-01 12:42:31.223+08,2021-09-30 03:01:27.697+08
8,2021-06-01 16:00:00+08,2021-06-01 18:30:00+08,"",WEST,5,"{""instructor"":[]}","{""notes"":[]}",t,17,"",2021-07-01 12:42:31.22+08,2021-09-30 03:01:27.738+08
27,2021-06-03 10:00:00+08,2021-06-03 12:00:00+08,"",WEST,5,"{""instructor"":[]}","{""notes"":[]}",t,8,"",2021-07-01 12:42:31.221+08,2021-09-30 03:01:27.776+08
17,2021-06-02 10:00:00+08,2021-06-02 12:00:00+08,"",WEST,5,"{""instructor"":[]}","{""notes"":[]}",t,8,"",2021-07-01 12:42:31.221+08,2021-09-30 03:01:27.776+08
5,2021-06-01 10:00:00+08,2021-06-01 12:00:00+08,"",WEST,5,"{""instructor"":[]}","{""notes"":[]}",t,8,"",2021-07-01 12:42:31.22+08,2021-09-30 03:01:27.776+08
31,2021-06-03 16:00:00+08,2021-06-03 18:00:00+08,"",WEST,5,"{""instructor"":[]}","{""notes"":[]}",t,22,"",2021-07-01 12:42:31.222+08,2021-09-30 03:01:27.777+08
22,2021-06-02 16:00:00+08,2021-06-02 18:00:00+08,"",WEST,5,"{""instructor"":[]}","{""notes"":[]}",t,22,"",2021-07-01 12:42:31.221+08,2021-09-30 03:01:27.777+08
57,2021-06-08 10:00:00+08,2021-06-08 12:00:00+08,"",WEST,5,"{""instructor"":[]}","{""notes"":[]}",t,36,"",2021-07-01 12:42:31.224+08,2021-09-30 03:01:27.78+08
43,2021-06-07 10:00:00+08,2021-06-07 12:00:00+08,"",WEST,5,"{""instructor"":[]}","{""notes"":[]}",t,36,"",2021-07-01 12:42:31.222+08,2021-09-30 03:01:27.78+08
34,2021-06-04 10:00:00+08,2021-06-04 12:00:00+08,"",EAST,5,"{""instructor"":[]}","{""notes"":[]}",t,26,"",2021-07-01 12:42:31.222+08,2021-09-30 03:01:27.781+08
36,2021-06-04 13:00:00+08,2021-06-04 15:00:00+08,"",WEST,5,"{""instructor"":[]}","{""notes"":[]}",t,28,"",2021-07-01 12:42:31.222+08,2021-09-30 03:01:27.785+08
64,2021-06-08 16:00:00+08,2021-06-08 18:00:00+08,"",WEST,5,"{""instructor"":[]}","{""notes"":[]}",t,38,"",2021-07-01 12:42:31.224+08,2021-09-30 03:01:27.786+08
50,2021-06-07 16:00:00+08,2021-06-07 18:00:00+08,"",WEST,5,"{""instructor"":[]}","{""notes"":[]}",t,38,"",2021-07-01 12:42:31.223+08,2021-09-30 03:01:27.786+08
35,2021-06-04 10:00:00+08,2021-06-04 12:00:00+08,"",WEST,5,"{""instructor"":[]}","{""notes"":[]}",t,27,"",2021-07-01 12:42:31.222+08,2021-09-30 03:01:27.79+08
56,2021-06-08 10:00:00+08,2021-06-08 12:00:00+08,"",EAST,5,"{""instructor"":[]}","{""notes"":[]}",t,35,"",2021-07-01 12:42:31.223+08,2021-09-30 03:01:27.792+08
42,2021-06-07 10:00:00+08,2021-06-07 12:00:00+08,"",EAST,5,"{""instructor"":[]}","{""notes"":[]}",t,35,"",2021-07-01 12:42:31.222+08,2021-09-30 03:01:27.792+08
55,2021-06-08 09:30:00+08,2021-06-08 12:00:00+08,"",HBL,5,"{""instructor"":[]}","{""notes"":[]}",t,34,"",2021-07-01 12:42:31.223+08,2021-09-30 03:01:27.799+08
41,2021-06-07 09:30:00+08,2021-06-07 12:00:00+08,"",HBL,5,"{""instructor"":[]}","{""notes"":[]}",t,34,"",2021-07-01 12:42:31.222+08,2021-09-30 03:01:27.8+08
13,2021-06-02 09:30:00+08,2021-06-02 12:00:00+08,"",HBL,5,"{""instructor"":[{""id"":1,""name"":""Emilio Kuhn"",""role"":""main""}]}","{""notes"":[]}",t,1,"",2021-07-01 12:42:31.221+08,2021-09-30 03:01:27.671+08
15,2021-06-02 09:30:00+08,2021-06-02 12:00:00+08,"",HBL,5,"{""instructor"":[{""id"":3,""name"":""Kimberly Parker"",""role"":""main""}]}","{""notes"":[]}",t,6,"",2021-07-01 12:42:31.221+08,2021-09-30 03:01:27.675+08
69,2021-06-09 09:30:00+08,2021-06-09 12:00:00+08,"",HBL,5,"{""instructor"":[{""id"":7,""name"":""Miranda Tremblay"",""role"":""main""}]}","{""notes"":[]}",t,33,"",2021-07-01 12:42:31.225+08,2021-09-30 03:01:27.689+08
74,2021-06-09 13:00:00+08,2021-06-09 15:30:00+08,"",HBL,5,"{""instructor"":[{""id"":3,""name"":""Kimberly Parker"",""role"":""main""},{""id"":11,""name"":""Kristy Schulist"",""role"":""main""}]}","{""notes"":[]}",t,7,"",2021-07-01 12:42:31.225+08,2021-09-30 03:01:27.693+08
88,2021-06-10 13:00:00+08,2021-06-10 15:30:00+08,"",HBL,5,"{""instructor"":[{""id"":3,""name"":""Kimberly Parker"",""role"":""main""},{""id"":11,""name"":""Kristy Schulist"",""role"":""main""}]}","{""notes"":[]}",t,7,"",2021-07-01 12:42:31.228+08,2021-09-30 03:01:27.693+08
76,2021-06-09 16:00:00+08,2021-06-09 18:30:00+08,"",HBL,5,"{""instructor"":[{""id"":6,""name"":""Melba Farrell"",""role"":""main""}]}","{""notes"":[]}",t,5,"",2021-07-01 12:42:31.225+08,2021-09-30 03:01:27.694+08
90,2021-06-10 16:00:00+08,2021-06-10 18:30:00+08,"",HBL,5,"{""instructor"":[{""id"":6,""name"":""Melba Farrell"",""role"":""main""}]}","{""notes"":[]}",t,5,"",2021-07-01 12:42:31.228+08,2021-09-30 03:01:27.694+08
91,2021-06-10 16:00:00+08,2021-06-10 18:30:00+08,"",HBL,5,"{""instructor"":[{""id"":2,""name"":""Ms. Leon Lebsack"",""role"":""main""}]}","{""notes"":[]}",t,37,"",2021-07-01 12:42:31.228+08,2021-09-30 03:01:27.696+08
89,2021-06-10 16:00:00+08,2021-06-10 18:30:00+08,"",HBL,5,"{""instructor"":[{""id"":8,""name"":""Miss Jody Gaylord"",""role"":""main""}]}","{""notes"":[]}",t,13,"",2021-07-01 12:42:31.228+08,2021-09-30 03:01:27.699+08
99,2021-06-14 09:30:00+08,2021-06-14 12:00:00+08,"",HBL,5,"{""instructor"":[{""id"":5,""name"":""Angelo Mosciski"",""role"":""main""},{""id"":9,""name"":""Max Murray"",""role"":""main""}]}","{""notes"":[]}",t,40,"",2021-07-01 12:42:31.229+08,2021-09-30 03:01:27.701+08
121,2021-06-16 09:30:00+08,2021-06-16 12:00:00+08,"",HBL,5,"{""instructor"":[{""id"":5,""name"":""Angelo Mosciski"",""role"":""main""},{""id"":9,""name"":""Max Murray"",""role"":""main""}]}","{""notes"":[]}",t,40,"",2021-07-01 12:42:31.23+08,2021-09-30 03:01:27.701+08
100,2021-06-14 09:30:00+08,2021-06-14 12:00:00+08,"",HBL,5,"{""instructor"":[{""id"":1,""name"":""Emilio Kuhn"",""role"":""main""},{""id"":2,""name"":""Ms. Leon Lebsack"",""role"":""main""}]}","{""notes"":[]}",t,43,"",2021-07-01 12:42:31.229+08,2021-09-30 03:01:27.703+08
111,2021-06-15 09:30:00+08,2021-06-15 12:00:00+08,"",HBL,5,"{""instructor"":[{""id"":1,""name"":""Emilio Kuhn"",""role"":""main""},{""id"":2,""name"":""Ms. Leon Lebsack"",""role"":""main""}]}","{""notes"":[]}",t,43,"",2021-07-01 12:42:31.229+08,2021-09-30 03:01:27.703+08
125,2021-06-16 13:00:00+08,2021-06-16 15:30:00+08,"",HBL,5,"{""instructor"":[{""id"":7,""name"":""Miranda Tremblay"",""role"":""main""},{""id"":8,""name"":""Miss Jody Gaylord"",""role"":""main""},{""id"":1,""name"":""Emilio Kuhn"",""role"":""main""}]}","{""notes"":[]}",t,30,"",2021-07-01 12:42:31.23+08,2021-09-30 03:01:27.705+08
104,2021-06-14 16:00:00+08,2021-06-14 18:30:00+08,"",HBL,5,"{""instructor"":[{""id"":7,""name"":""Miranda Tremblay"",""role"":""main""}]}","{""notes"":[]}",t,3,"",2021-07-01 12:42:31.229+08,2021-09-30 03:01:27.706+08
115,2021-06-15 16:00:00+08,2021-06-15 18:30:00+08,"",HBL,5,"{""instructor"":[{""id"":7,""name"":""Miranda Tremblay"",""role"":""main""}]}","{""notes"":[]}",t,3,"",2021-07-01 12:42:31.23+08,2021-09-30 03:01:27.707+08
126,2021-06-16 16:00:00+08,2021-06-16 18:30:00+08,"",HBL,5,"{""instructor"":[{""id"":7,""name"":""Miranda Tremblay"",""role"":""main""}]}","{""notes"":[]}",t,3,"",2021-07-01 12:42:31.23+08,2021-09-30 03:01:27.707+08
105,2021-06-14 16:00:00+08,2021-06-14 18:30:00+08,"",HBL,5,"{""instructor"":[{""id"":6,""name"":""Melba Farrell"",""role"":""main""}]}","{""notes"":[]}",t,46,"",2021-07-01 12:42:31.229+08,2021-09-30 03:01:27.708+08
127,2021-06-16 16:00:00+08,2021-06-16 18:30:00+08,"",HBL,5,"{""instructor"":[{""id"":6,""name"":""Melba Farrell"",""role"":""main""}]}","{""notes"":[]}",t,46,"",2021-07-01 12:42:31.231+08,2021-09-30 03:01:27.708+08
106,2021-06-14 16:00:00+08,2021-06-14 18:30:00+08,"",HBL,5,"{""instructor"":[{""id"":3,""name"":""Kimberly Parker"",""role"":""main""}]}","{""notes"":[]}",t,15,"",2021-07-01 12:42:31.229+08,2021-09-30 03:01:27.71+08
117,2021-06-15 16:00:00+08,2021-06-15 18:30:00+08,"",HBL,5,"{""instructor"":[{""id"":3,""name"":""Kimberly Parker"",""role"":""main""}]}","{""notes"":[]}",t,15,"",2021-07-01 12:42:31.23+08,2021-09-30 03:01:27.71+08
97,2021-06-11 14:00:00+08,2021-06-11 15:00:00+08,"",HBL,5,"{""instructor"":[]}","{""notes"":[]}",t,25,"",2021-07-01 12:42:31.228+08,2021-09-30 03:01:27.712+08
120,2021-06-15 16:00:00+08,2021-06-15 18:00:00+08,"",WEST,5,"{""instructor"":[]}","{""notes"":[]}",t,48,"",2021-07-01 12:42:31.23+08,2021-09-30 03:01:27.761+08
109,2021-06-14 16:00:00+08,2021-06-14 18:00:00+08,"",WEST,5,"{""instructor"":[]}","{""notes"":[]}",t,48,"",2021-07-01 12:42:31.229+08,2021-09-30 03:01:27.762+08
119,2021-06-15 16:00:00+08,2021-06-15 18:00:00+08,"",EAST,5,"{""instructor"":[]}","{""notes"":[]}",t,47,"",2021-07-01 12:42:31.23+08,2021-09-30 03:01:27.767+08
108,2021-06-14 16:00:00+08,2021-06-14 18:00:00+08,"",EAST,5,"{""instructor"":[]}","{""notes"":[]}",t,47,"",2021-07-01 12:42:31.229+08,2021-09-30 03:01:27.768+08
130,2021-06-16 16:00:00+08,2021-06-16 18:00:00+08,"",EAST,5,"{""instructor"":[]}","{""notes"":[]}",t,47,"",2021-07-01 12:42:31.231+08,2021-09-30 03:01:27.768+08
101,2021-06-14 10:00:00+08,2021-06-14 12:00:00+08,"",EAST,5,"{""instructor"":[]}","{""notes"":[]}",t,44,"",2021-07-01 12:42:31.229+08,2021-09-30 03:01:27.77+08
123,2021-06-16 10:00:00+08,2021-06-16 12:00:00+08,"",EAST,5,"{""instructor"":[]}","{""notes"":[]}",t,44,"",2021-07-01 12:42:31.23+08,2021-09-30 03:01:27.77+08
112,2021-06-15 10:00:00+08,2021-06-15 12:00:00+08,"",EAST,5,"{""instructor"":[]}","{""notes"":[]}",t,44,"",2021-07-01 12:42:31.229+08,2021-09-30 03:01:27.77+08
102,2021-06-14 10:00:00+08,2021-06-14 12:00:00+08,"",WEST,5,"{""instructor"":[]}","{""notes"":[]}",t,45,"",2021-07-01 12:42:31.229+08,2021-09-30 03:01:27.779+08
113,2021-06-15 10:00:00+08,2021-06-15 12:00:00+08,"",WEST,5,"{""instructor"":[]}","{""notes"":[]}",t,45,"",2021-07-01 12:42:31.23+08,2021-09-30 03:01:27.779+08
124,2021-06-16 10:00:00+08,2021-06-16 12:00:00+08,"",WEST,5,"{""instructor"":[]}","{""notes"":[]}",t,45,"",2021-07-01 12:42:31.23+08,2021-09-30 03:01:27.779+08
72,2021-06-09 10:00:00+08,2021-06-09 12:00:00+08,"",WEST,5,"{""instructor"":[]}","{""notes"":[]}",t,36,"",2021-07-01 12:42:31.225+08,2021-09-30 03:01:27.78+08
86,2021-06-10 10:00:00+08,2021-06-10 12:00:00+08,"",WEST,5,"{""instructor"":[]}","{""notes"":[]}",t,36,"",2021-07-01 12:42:31.226+08,2021-09-30 03:01:27.78+08
94,2021-06-11 10:00:00+08,2021-06-11 12:00:00+08,"",EAST,5,"{""instructor"":[]}","{""notes"":[]}",t,26,"",2021-07-01 12:42:31.228+08,2021-09-30 03:01:27.782+08
96,2021-06-11 13:00:00+08,2021-06-11 15:00:00+08,"",WEST,5,"{""instructor"":[]}","{""notes"":[]}",t,28,"",2021-07-01 12:42:31.228+08,2021-09-30 03:01:27.785+08
79,2021-06-09 16:00:00+08,2021-06-09 18:00:00+08,"",WEST,5,"{""instructor"":[]}","{""notes"":[]}",t,38,"",2021-07-01 12:42:31.226+08,2021-09-30 03:01:27.786+08
92,2021-06-10 16:00:00+08,2021-06-10 18:00:00+08,"",WEST,5,"{""instructor"":[]}","{""notes"":[]}",t,38,"",2021-07-01 12:42:31.228+08,2021-09-30 03:01:27.786+08
95,2021-06-11 10:00:00+08,2021-06-11 12:00:00+08,"",WEST,5,"{""instructor"":[]}","{""notes"":[]}",t,27,"",2021-07-01 12:42:31.228+08,2021-09-30 03:01:27.789+08
71,2021-06-09 10:00:00+08,2021-06-09 12:00:00+08,"",EAST,5,"{""instructor"":[]}","{""notes"":[]}",t,35,"",2021-07-01 12:42:31.225+08,2021-09-30 03:01:27.792+08
85,2021-06-10 10:00:00+08,2021-06-10 12:00:00+08,"",EAST,5,"{""instructor"":[]}","{""notes"":[]}",t,35,"",2021-07-01 12:42:31.226+08,2021-09-30 03:01:27.792+08
107,2021-06-14 16:00:00+08,2021-06-14 18:30:00+08,"",HBL,5,"{""instructor"":[]}","{""notes"":[]}",t,21,"",2021-07-01 12:42:31.229+08,2021-09-30 03:01:27.798+08
129,2021-06-16 16:00:00+08,2021-06-16 18:30:00+08,"",HBL,5,"{""instructor"":[]}","{""notes"":[]}",t,21,"",2021-07-01 12:42:31.231+08,2021-09-30 03:01:27.798+08
118,2021-06-15 16:00:00+08,2021-06-15 18:30:00+08,"",HBL,5,"{""instructor"":[]}","{""notes"":[]}",t,21,"",2021-07-01 12:42:31.23+08,2021-09-30 03:01:27.799+08
84,2021-06-10 09:30:00+08,2021-06-10 12:00:00+08,"",HBL,5,"{""instructor"":[]}","{""notes"":[]}",t,34,"",2021-07-01 12:42:31.226+08,2021-09-30 03:01:27.8+08
70,2021-06-09 09:30:00+08,2021-06-09 12:00:00+08,"",HBL,5,"{""instructor"":[]}","{""notes"":[]}",t,34,"",2021-07-01 12:42:31.225+08,2021-09-30 03:01:27.8+08
68,2021-06-09 09:30:00+08,2021-06-09 12:00:00+08,"",HBL,5,"{""instructor"":[{""id"":1,""name"":""Emilio Kuhn"",""role"":""main""},{""id"":2,""name"":""Ms. Leon Lebsack"",""role"":""main""}]}","{""notes"":[]}",t,32,"",2021-07-01 12:42:31.225+08,2021-09-30 03:01:27.687+08
77,2021-06-09 16:00:00+08,2021-06-09 18:30:00+08,"",HBL,5,"{""instructor"":[{""id"":2,""name"":""Ms. Leon Lebsack"",""role"":""main""}]}","{""notes"":[]}",t,37,"",2021-07-01 12:42:31.225+08,2021-09-30 03:01:27.696+08
140,2021-06-17 16:00:00+08,2021-06-17 18:30:00+08,"",HBL,5,"{""instructor"":[{""id"":3,""name"":""Kimberly Parker"",""role"":""main""}]}","{""notes"":[]}",t,15,"",2021-07-01 12:42:31.231+08,2021-09-30 03:01:27.71+08
148,2021-06-21 09:30:00+08,2021-06-21 12:00:00+08,"",WEST,5,"{""instructor"":[{""id"":9,""name"":""Max Murray"",""role"":""main""}]}","{""notes"":[]}",t,51,"",2021-07-01 12:42:31.232+08,2021-09-30 03:01:27.713+08
149,2021-06-21 10:00:00+08,2021-06-21 12:00:00+08,"",EAST,5,"{""instructor"":[{""id"":12,""name"":""Orville Wisoky"",""role"":""main""}]}","{""notes"":[]}",t,52,"",2021-07-01 12:42:31.232+08,2021-09-30 03:01:27.714+08
167,2021-06-22 10:00:00+08,2021-06-22 12:00:00+08,"",EAST,5,"{""instructor"":[{""id"":12,""name"":""Orville Wisoky"",""role"":""main""}]}","{""notes"":[]}",t,52,"",2021-07-01 12:42:31.233+08,2021-09-30 03:01:27.714+08
150,2021-06-21 10:00:00+08,2021-06-21 12:00:00+08,"",WEST,5,"{""instructor"":[{""id"":13,""name"":""Kelly Wunsch"",""role"":""main""},{""id"":14,""name"":""Randal Turner"",""role"":""main""}]}","{""notes"":[]}",t,53,"",2021-07-01 12:42:31.232+08,2021-09-30 03:01:27.715+08
184,2021-06-23 10:00:00+08,2021-06-23 12:00:00+08,"",WEST,5,"{""instructor"":[{""id"":13,""name"":""Kelly Wunsch"",""role"":""main""},{""id"":14,""name"":""Randal Turner"",""role"":""main""}]}","{""notes"":[]}",t,53,"",2021-07-01 12:42:31.234+08,2021-09-30 03:01:27.716+08
169,2021-06-22 13:00:00+08,2021-06-22 15:30:00+08,"",HBL,5,"{""instructor"":[{""id"":2,""name"":""Ms. Leon Lebsack"",""role"":""main""}]}","{""notes"":[]}",t,41,"",2021-07-01 12:42:31.233+08,2021-09-30 03:01:27.717+08
152,2021-06-21 13:00:00+08,2021-06-21 15:30:00+08,"",WEST,5,"{""instructor"":[{""id"":6,""name"":""Melba Farrell"",""role"":""main""}]}","{""notes"":[]}",t,42,"",2021-07-01 12:42:31.232+08,2021-09-30 03:01:27.719+08
170,2021-06-22 13:00:00+08,2021-06-22 15:30:00+08,"",WEST,5,"{""instructor"":[{""id"":6,""name"":""Melba Farrell"",""role"":""main""}]}","{""notes"":[]}",t,42,"",2021-07-01 12:42:31.233+08,2021-09-30 03:01:27.719+08
153,2021-06-21 13:00:00+08,2021-06-21 15:30:00+08,"",EAST,5,"{""instructor"":[{""id"":5,""name"":""Angelo Mosciski"",""role"":""main""}]}","{""notes"":[]}",t,55,"",2021-07-01 12:42:31.232+08,2021-09-30 03:01:27.722+08
154,2021-06-21 13:00:00+08,2021-06-21 15:30:00+08,"",WEST,5,"{""instructor"":[{""id"":1,""name"":""Emilio Kuhn"",""role"":""main""}]}","{""notes"":[]}",t,55,"",2021-07-01 12:42:31.232+08,2021-09-30 03:01:27.722+08
188,2021-06-23 13:00:00+08,2021-06-23 15:30:00+08,"",EAST,5,"{""instructor"":[{""id"":1,""name"":""Emilio Kuhn"",""role"":""main""}]}","{""notes"":[]}",t,55,"",2021-07-01 12:42:31.234+08,2021-09-30 03:01:27.722+08
155,2021-06-21 13:00:00+08,2021-06-21 15:30:00+08,"",EAST,5,"{""instructor"":[{""id"":1,""name"":""Emilio Kuhn"",""role"":""main""}]}","{""notes"":[]}",t,56,"",2021-07-01 12:42:31.232+08,2021-09-30 03:01:27.724+08
156,2021-06-21 13:00:00+08,2021-06-21 15:30:00+08,"",WEST,5,"{""instructor"":[{""id"":11,""name"":""Kristy Schulist"",""role"":""main""}]}","{""notes"":[]}",t,56,"",2021-07-01 12:42:31.232+08,2021-09-30 03:01:27.724+08
157,2021-06-21 13:00:00+08,2021-06-21 15:30:00+08,"",HBL,5,"{""instructor"":[{""id"":8,""name"":""Miss Jody Gaylord"",""role"":""main""}]}","{""notes"":[]}",t,16,"",2021-07-01 12:42:31.233+08,2021-09-30 03:01:27.726+08
175,2021-06-22 13:00:00+08,2021-06-22 15:30:00+08,"",HBL,5,"{""instructor"":[{""id"":8,""name"":""Miss Jody Gaylord"",""role"":""main""}]}","{""notes"":[]}",t,16,"",2021-07-01 12:42:31.234+08,2021-09-30 03:01:27.726+08
158,2021-06-21 16:00:00+08,2021-06-21 18:30:00+08,"",HBL,5,"{""instructor"":[{""id"":2,""name"":""Ms. Leon Lebsack"",""role"":""main""}]}","{""notes"":[]}",t,31,"",2021-07-01 12:42:31.233+08,2021-09-30 03:01:27.728+08
194,2021-06-23 16:00:00+08,2021-06-23 18:30:00+08,"",HBL,5,"{""instructor"":[{""id"":2,""name"":""Ms. Leon Lebsack"",""role"":""main""}]}","{""notes"":[]}",t,31,"",2021-07-01 12:42:31.235+08,2021-09-30 03:01:27.728+08
159,2021-06-21 16:00:00+08,2021-06-21 18:30:00+08,"",EAST,5,"{""instructor"":[{""id"":5,""name"":""Angelo Mosciski"",""role"":""main""}]}","{""notes"":[]}",t,57,"",2021-07-01 12:42:31.233+08,2021-09-30 03:01:27.73+08
160,2021-06-21 16:00:00+08,2021-06-21 18:30:00+08,"",WEST,5,"{""instructor"":[{""id"":1,""name"":""Emilio Kuhn"",""role"":""main""}]}","{""notes"":[]}",t,57,"",2021-07-01 12:42:31.233+08,2021-09-30 03:01:27.73+08
187,2021-06-23 13:00:00+08,2021-06-23 15:30:00+08,"",EAST,5,"{""instructor"":[{""id"":5,""name"":""Angelo Mosciski"",""role"":""main""}]}","{""notes"":[]}",t,57,"",2021-07-01 12:42:31.234+08,2021-09-30 03:01:27.73+08
177,2021-06-22 16:00:00+08,2021-06-22 18:30:00+08,"",EAST,5,"{""instructor"":[]}","{""notes"":[]}",t,57,"",2021-07-01 12:42:31.234+08,2021-09-30 03:01:27.73+08
161,2021-06-21 16:00:00+08,2021-06-21 18:30:00+08,"",WEST,5,"{""instructor"":[{""id"":11,""name"":""Kristy Schulist"",""role"":""main""}]}","{""notes"":[]}",t,17,"",2021-07-01 12:42:31.233+08,2021-09-30 03:01:27.736+08
172,2021-06-22 13:00:00+08,2021-06-22 15:30:00+08,"",EAST,5,"{""instructor"":[{""id"":5,""name"":""Angelo Mosciski"",""role"":""main""}]}","{""notes"":[]}",t,17,"",2021-07-01 12:42:31.233+08,2021-09-30 03:01:27.736+08
178,2021-06-22 16:00:00+08,2021-06-22 18:30:00+08,"",WEST,5,"{""instructor"":[{""id"":7,""name"":""Miranda Tremblay"",""role"":""main""}]}","{""notes"":[]}",t,17,"",2021-07-01 12:42:31.234+08,2021-09-30 03:01:27.736+08
162,2021-06-21 16:00:00+08,2021-06-21 18:30:00+08,"",EAST,5,"{""instructor"":[{""id"":5,""name"":""Angelo Mosciski"",""role"":""main""}]}","{""notes"":[]}",t,49,"",2021-07-01 12:42:31.233+08,2021-09-30 03:01:27.745+08
163,2021-06-21 16:00:00+08,2021-06-21 18:30:00+08,"",WEST,5,"{""instructor"":[{""id"":11,""name"":""Kristy Schulist"",""role"":""main""}]}","{""notes"":[]}",t,49,"",2021-07-01 12:42:31.233+08,2021-09-30 03:01:27.745+08
174,2021-06-22 13:00:00+08,2021-06-22 15:30:00+08,"",WEST,5,"{""instructor"":[{""id"":9,""name"":""Max Murray"",""role"":""main""}]}","{""notes"":[]}",t,49,"",2021-07-01 12:42:31.234+08,2021-09-30 03:01:27.745+08
137,2021-06-17 13:00:00+08,2021-06-17 15:30:00+08,"",EAST,5,"{""instructor"":[]}","{""notes"":[]}",t,49,"",2021-07-01 12:42:31.231+08,2021-09-30 03:01:27.746+08
164,2021-06-21 16:00:00+08,2021-06-21 18:00:00+08,"",EAST,5,"{""instructor"":[{""id"":12,""name"":""Orville Wisoky"",""role"":""main""}]}","{""notes"":[]}",t,58,"",2021-07-01 12:42:31.233+08,2021-09-30 03:01:27.75+08
180,2021-06-22 16:00:00+08,2021-06-22 18:00:00+08,"",EAST,5,"{""instructor"":[{""id"":12,""name"":""Orville Wisoky"",""role"":""main""}]}","{""notes"":[]}",t,58,"",2021-07-01 12:42:31.234+08,2021-09-30 03:01:27.75+08
165,2021-06-21 16:00:00+08,2021-06-21 18:00:00+08,"",WEST,5,"{""instructor"":[{""id"":13,""name"":""Kelly Wunsch"",""role"":""main""},{""id"":14,""name"":""Randal Turner"",""role"":""main""}]}","{""notes"":[]}",t,59,"",2021-07-01 12:42:31.233+08,2021-09-30 03:01:27.751+08
181,2021-06-22 16:00:00+08,2021-06-22 18:00:00+08,"",WEST,5,"{""instructor"":[{""id"":13,""name"":""Kelly Wunsch"",""role"":""main""},{""id"":14,""name"":""Randal Turner"",""role"":""main""}]}","{""notes"":[]}",t,59,"",2021-07-01 12:42:31.234+08,2021-09-30 03:01:27.751+08
195,2021-06-23 16:00:00+08,2021-06-23 18:30:00+08,"",EAST,5,"{""instructor"":[{""id"":5,""name"":""Angelo Mosciski"",""role"":""main""}]}","{""notes"":[]}",t,61,"",2021-07-01 12:42:31.235+08,2021-09-30 03:01:27.753+08
147,2021-06-18 16:00:00+08,2021-06-18 18:30:00+08,"",WEST,5,"{""instructor"":[]}","{""notes"":[]}",f,50,"",2021-07-01 12:42:31.232+08,2021-09-30 03:01:27.757+08
131,2021-06-16 16:00:00+08,2021-06-16 18:00:00+08,"",WEST,5,"{""instructor"":[]}","{""notes"":[]}",t,48,"",2021-07-01 12:42:31.231+08,2021-09-30 03:01:27.761+08
142,2021-06-17 16:00:00+08,2021-06-17 18:00:00+08,"",WEST,5,"{""instructor"":[]}","{""notes"":[]}",t,48,"",2021-07-01 12:42:31.231+08,2021-09-30 03:01:27.761+08
141,2021-06-17 16:00:00+08,2021-06-17 18:00:00+08,"",EAST,5,"{""instructor"":[]}","{""notes"":[]}",t,47,"",2021-07-01 12:42:31.231+08,2021-09-30 03:01:27.768+08
134,2021-06-17 10:00:00+08,2021-06-17 12:00:00+08,"",EAST,5,"{""instructor"":[]}","{""notes"":[]}",t,44,"",2021-07-01 12:42:31.231+08,2021-09-30 03:01:27.77+08
135,2021-06-17 10:00:00+08,2021-06-17 12:00:00+08,"",WEST,5,"{""instructor"":[]}","{""notes"":[]}",t,45,"",2021-07-01 12:42:31.231+08,2021-09-30 03:01:27.779+08
144,2021-06-18 10:00:00+08,2021-06-18 12:00:00+08,"",EAST,5,"{""instructor"":[]}","{""notes"":[]}",t,26,"",2021-07-01 12:42:31.232+08,2021-09-30 03:01:27.782+08
146,2021-06-18 13:00:00+08,2021-06-18 15:00:00+08,"",WEST,5,"{""instructor"":[]}","{""notes"":[]}",t,28,"",2021-07-01 12:42:31.232+08,2021-09-30 03:01:27.785+08
145,2021-06-18 10:00:00+08,2021-06-18 12:00:00+08,"",WEST,5,"{""instructor"":[]}","{""notes"":[]}",t,27,"",2021-07-01 12:42:31.232+08,2021-09-30 03:01:27.788+08
138,2021-06-17 16:00:00+08,2021-06-17 18:30:00+08,"",HBL,5,"{""instructor"":[{""id"":7,""name"":""Miranda Tremblay"",""role"":""main""}]}","{""notes"":[]}",t,3,"",2021-07-01 12:42:31.231+08,2021-09-30 03:01:27.707+08
139,2021-06-17 16:00:00+08,2021-06-17 18:30:00+08,"",HBL,5,"{""instructor"":[{""id"":6,""name"":""Melba Farrell"",""role"":""main""}]}","{""notes"":[]}",t,46,"",2021-07-01 12:42:31.231+08,2021-09-30 03:01:27.709+08
202,2021-06-24 10:00:00+08,2021-06-24 12:00:00+08,"",EAST,5,"{""instructor"":[{""id"":12,""name"":""Orville Wisoky"",""role"":""main""}]}","{""notes"":[]}",t,52,"",2021-07-01 12:42:31.236+08,2021-09-30 03:01:27.714+08
204,2021-06-24 13:00:00+08,2021-06-24 15:30:00+08,"",HBL,5,"{""instructor"":[{""id"":2,""name"":""Ms. Leon Lebsack"",""role"":""main""}]}","{""notes"":[]}",t,41,"",2021-07-01 12:42:31.236+08,2021-09-30 03:01:27.717+08
205,2021-06-24 13:00:00+08,2021-06-24 15:30:00+08,"",WEST,5,"{""instructor"":[{""id"":6,""name"":""Melba Farrell"",""role"":""main""}]}","{""notes"":[]}",t,42,"",2021-07-01 12:42:31.236+08,2021-09-30 03:01:27.719+08
239,2021-06-28 18:00:00+08,2021-06-28 20:30:00+08,"",EAST,5,"{""instructor"":[]}","{""notes"":[]}",t,55,"",2021-07-01 12:42:31.237+08,2021-09-30 03:01:27.723+08
206,2021-06-24 13:00:00+08,2021-06-24 15:30:00+08,"",WEST,5,"{""instructor"":[{""id"":7,""name"":""Miranda Tremblay"",""role"":""main""}]}","{""notes"":[]}",t,57,"",2021-07-01 12:42:31.236+08,2021-09-30 03:01:27.73+08
250,2021-07-01 18:00:00+08,2021-07-01 20:30:00+08,"",WEST,5,"{""instructor"":[]}","{""notes"":[]}",t,57,"",2021-07-01 12:42:31.238+08,2021-09-30 03:01:27.73+08
260,2021-07-06 18:00:00+08,2021-07-06 20:30:00+08,"",WEST,5,"{""instructor"":[]}","{""notes"":[]}",t,57,"",2021-07-01 12:42:31.238+08,2021-09-30 03:01:27.731+08
207,2021-06-24 13:00:00+08,2021-06-24 15:30:00+08,"",EAST,5,"{""instructor"":[{""id"":1,""name"":""Emilio Kuhn"",""role"":""main""}]}","{""notes"":[]}",t,17,"",2021-07-01 12:42:31.236+08,2021-09-30 03:01:27.736+08
208,2021-06-24 13:00:00+08,2021-06-24 15:30:00+08,"",WEST,5,"{""instructor"":[{""id"":1,""name"":""Emilio Kuhn"",""role"":""main""}]}","{""notes"":[]}",t,17,"",2021-07-01 12:42:31.236+08,2021-09-30 03:01:27.736+08
221,2021-06-25 09:30:00+08,2021-06-25 12:00:00+08,"",EAST,5,"{""instructor"":[{""id"":1,""name"":""Emilio Kuhn"",""role"":""main""}]}","{""notes"":[]}",t,17,"",2021-07-01 12:42:31.236+08,2021-09-30 03:01:27.737+08
228,2021-06-25 13:00:00+08,2021-06-25 15:30:00+08,"",EAST,5,"{""instructor"":[{""id"":5,""name"":""Angelo Mosciski"",""role"":""main""}]}","{""notes"":[]}",t,17,"",2021-07-01 12:42:31.237+08,2021-09-30 03:01:27.737+08
251,2021-07-01 18:00:00+08,2021-07-01 20:30:00+08,"",EAST,5,"{""instructor"":[]}","{""notes"":[]}",t,17,"",2021-07-01 12:42:31.238+08,2021-09-30 03:01:27.737+08
252,2021-07-01 18:00:00+08,2021-07-01 20:30:00+08,"",WEST,5,"{""instructor"":[]}","{""notes"":[]}",t,17,"",2021-07-01 12:42:31.238+08,2021-09-30 03:01:27.737+08
243,2021-06-29 18:00:00+08,2021-06-29 20:30:00+08,"",WEST,5,"{""instructor"":[]}","{""notes"":[]}",t,17,"",2021-07-01 12:42:31.238+08,2021-09-30 03:01:27.737+08
248,2021-06-30 18:00:00+08,2021-06-30 20:30:00+08,"",WEST,5,"{""instructor"":[]}","{""notes"":[]}",t,17,"",2021-07-01 12:42:31.238+08,2021-09-30 03:01:27.738+08
247,2021-06-30 18:00:00+08,2021-06-30 20:30:00+08,"",EAST,5,"{""instructor"":[]}","{""notes"":[]}",t,17,"",2021-07-01 12:42:31.238+08,2021-09-30 03:01:27.739+08
242,2021-06-29 18:00:00+08,2021-06-29 20:30:00+08,"",EAST,5,"{""instructor"":[]}","{""notes"":[]}",t,17,"",2021-07-01 12:42:31.238+08,2021-09-30 03:01:27.739+08
209,2021-06-24 13:00:00+08,2021-06-24 15:30:00+08,"",WEST,5,"{""instructor"":[{""id"":7,""name"":""Miranda Tremblay"",""role"":""main""}]}","{""notes"":[]}",t,49,"",2021-07-01 12:42:31.236+08,2021-09-30 03:01:27.745+08
215,2021-06-24 16:00:00+08,2021-06-24 18:30:00+08,"",EAST,5,"{""instructor"":[{""id"":8,""name"":""Miss Jody Gaylord"",""role"":""main""}]}","{""notes"":[]}",t,49,"",2021-07-01 12:42:31.236+08,2021-09-30 03:01:27.745+08
216,2021-06-24 16:00:00+08,2021-06-24 18:30:00+08,"",WEST,5,"{""instructor"":[{""id"":3,""name"":""Kimberly Parker"",""role"":""main""}]}","{""notes"":[]}",t,49,"",2021-07-01 12:42:31.236+08,2021-09-30 03:01:27.745+08
223,2021-06-25 09:30:00+08,2021-06-25 12:00:00+08,"",EAST,5,"{""instructor"":[{""id"":5,""name"":""Angelo Mosciski"",""role"":""main""}]}","{""notes"":[]}",t,49,"",2021-07-01 12:42:31.237+08,2021-09-30 03:01:27.745+08
253,2021-07-01 18:00:00+08,2021-07-01 20:30:00+08,"",WEST,5,"{""instructor"":[]}","{""notes"":[]}",t,49,"",2021-07-01 12:42:31.238+08,2021-09-30 03:01:27.746+08
240,2021-06-28 18:00:00+08,2021-06-28 20:30:00+08,"",WEST,5,"{""instructor"":[]}","{""notes"":[]}",t,49,"",2021-07-01 12:42:31.238+08,2021-09-30 03:01:27.746+08
199,2021-06-23 16:00:00+08,2021-06-23 18:00:00+08,"",EAST,5,"{""instructor"":[{""id"":12,""name"":""Orville Wisoky"",""role"":""main""}]}","{""notes"":[]}",t,58,"",2021-07-01 12:42:31.235+08,2021-09-30 03:01:27.75+08
217,2021-06-24 16:00:00+08,2021-06-24 18:00:00+08,"",EAST,5,"{""instructor"":[{""id"":12,""name"":""Orville Wisoky"",""role"":""main""}]}","{""notes"":[]}",t,58,"",2021-07-01 12:42:31.236+08,2021-09-30 03:01:27.75+08
200,2021-06-23 16:00:00+08,2021-06-23 18:00:00+08,"",WEST,5,"{""instructor"":[{""id"":13,""name"":""Kelly Wunsch"",""role"":""main""},{""id"":14,""name"":""Randal Turner"",""role"":""main""}]}","{""notes"":[]}",t,59,"",2021-07-01 12:42:31.235+08,2021-09-30 03:01:27.751+08
218,2021-06-24 16:00:00+08,2021-06-24 18:00:00+08,"",WEST,5,"{""instructor"":[{""id"":13,""name"":""Kelly Wunsch"",""role"":""main""},{""id"":14,""name"":""Randal Turner"",""role"":""main""}]}","{""notes"":[]}",t,59,"",2021-07-01 12:42:31.236+08,2021-09-30 03:01:27.751+08
197,2021-06-23 16:00:00+08,2021-06-23 18:30:00+08,"",WEST,5,"{""instructor"":[{""id"":11,""name"":""Kristy Schulist"",""role"":""main""}]}","{""notes"":[]}",t,62,"",2021-07-01 12:42:31.235+08,2021-09-30 03:01:27.754+08
198,2021-06-23 16:00:00+08,2021-06-23 18:30:00+08,"",WEST,5,"{""instructor"":[{""id"":6,""name"":""Melba Farrell"",""role"":""main""}]}","{""notes"":[]}",t,63,"",2021-07-01 12:42:31.235+08,2021-09-30 03:01:27.755+08
244,2021-06-29 18:00:00+08,2021-06-29 20:30:00+08,"",WEST,5,"{""instructor"":[]}","{""notes"":[]}",t,63,"",2021-07-01 12:42:31.238+08,2021-09-30 03:01:27.755+08
232,2021-06-25 16:00:00+08,2021-06-25 18:30:00+08,"",WEST,5,"{""instructor"":[{""id"":1,""name"":""Emilio Kuhn"",""role"":""main""}]}","{""notes"":[]}",f,64,"",2021-07-01 12:42:31.237+08,2021-09-30 03:01:27.756+08
233,2021-06-25 16:00:00+08,2021-06-25 18:30:00+08,"",WEST,5,"{""instructor"":[{""id"":1,""name"":""Emilio Kuhn"",""role"":""main""}]}","{""notes"":[]}",f,50,"",2021-07-01 12:42:31.237+08,2021-09-30 03:01:27.757+08
234,2021-06-25 16:00:00+08,2021-06-25 18:30:00+08,"",WEST,5,"{""instructor"":[{""id"":3,""name"":""Kimberly Parker"",""role"":""main""}]}","{""notes"":[]}",f,65,"",2021-07-01 12:42:31.237+08,2021-09-30 03:01:27.758+08
255,2021-07-02 18:00:00+08,2021-07-02 20:30:00+08,"",WEST,5,"{""instructor"":[]}","{""notes"":[]}",f,65,"",2021-07-01 12:42:31.238+08,2021-09-30 03:01:27.758+08
236,2021-06-27 09:30:00+08,2021-06-27 12:00:00+08,"",EAST,5,"{""instructor"":[{""id"":7,""name"":""Miranda Tremblay"",""role"":""main""},{""id"":8,""name"":""Miss Jody Gaylord"",""role"":""main""}]}","{""notes"":[]}",t,66,"",2021-07-01 12:42:31.237+08,2021-09-30 03:01:27.759+08
258,2021-07-06 08:00:00+08,2021-07-06 12:00:00+08,"",WEST,5,"{""instructor"":[]}","{""notes"":[]}",t,68,"",2021-07-01 12:42:31.238+08,2021-09-30 03:01:27.765+08
256,2021-07-05 08:00:00+08,2021-07-05 12:00:00+08,"",WEST,5,"{""instructor"":[]}","{""notes"":[]}",t,68,"",2021-07-01 12:42:31.238+08,2021-09-30 03:01:27.765+08
257,2021-07-05 08:00:00+08,2021-07-05 12:00:00+08,"",WEST,5,"{""instructor"":[]}","{""notes"":[]}",t,70,"",2021-07-01 12:42:31.238+08,2021-09-30 03:01:27.774+08
259,2021-07-06 08:00:00+08,2021-07-06 12:00:00+08,"",WEST,5,"{""instructor"":[]}","{""notes"":[]}",t,70,"",2021-07-01 12:42:31.238+08,2021-09-30 03:01:27.774+08
238,2021-06-28 08:00:00+08,2021-06-28 12:00:00+08,"",WEST,5,"{""instructor"":[]}","{""notes"":[]}",t,67,"",2021-07-01 12:42:31.237+08,2021-09-30 03:01:27.775+08
241,2021-06-29 08:00:00+08,2021-06-29 12:00:00+08,"",WEST,5,"{""instructor"":[]}","{""notes"":[]}",t,67,"",2021-07-01 12:42:31.238+08,2021-09-30 03:01:27.775+08
249,2021-07-01 08:00:00+08,2021-07-01 12:00:00+08,"",WEST,5,"{""instructor"":[]}","{""notes"":[]}",t,67,"",2021-07-01 12:42:31.238+08,2021-09-30 03:01:27.775+08
245,2021-06-30 08:00:00+08,2021-06-30 12:00:00+08,"",WEST,5,"{""instructor"":[]}","{""notes"":[]}",t,67,"",2021-07-01 12:42:31.238+08,2021-09-30 03:01:27.775+08
225,2021-06-25 10:00:00+08,2021-06-25 12:00:00+08,"",EAST,5,"{""instructor"":[]}","{""notes"":[]}",t,26,"",2021-07-01 12:42:31.237+08,2021-09-30 03:01:27.782+08
231,2021-06-25 13:00:00+08,2021-06-25 15:00:00+08,"",WEST,5,"{""instructor"":[]}","{""notes"":[]}",t,28,"",2021-07-01 12:42:31.237+08,2021-09-30 03:01:27.785+08
226,2021-06-25 10:00:00+08,2021-06-25 12:00:00+08,"",WEST,5,"{""instructor"":[]}","{""notes"":[]}",t,27,"",2021-07-01 12:42:31.237+08,2021-09-30 03:01:27.788+08
201,2021-06-24 09:30:00+08,2021-06-24 12:00:00+08,"",WEST,5,"{""instructor"":[{""id"":9,""name"":""Max Murray"",""role"":""main""}]}","{""notes"":[]}",t,51,"",2021-07-01 12:42:31.235+08,2021-09-30 03:01:27.713+08
212,2021-06-24 16:00:00+08,2021-06-24 18:30:00+08,"",WEST,5,"{""instructor"":[{""id"":1,""name"":""Emilio Kuhn"",""role"":""main""}]}","{""notes"":[]}",t,57,"",2021-07-01 12:42:31.236+08,2021-09-30 03:01:27.73+08
288,2021-07-17 13:00:00+08,2021-07-17 15:30:00+08,"",EAST,5,"{""instructor"":[]}","{""notes"":[]}",t,57,"",2021-07-01 12:42:31.241+08,2021-09-30 03:01:27.73+08
324,2021-07-31 13:00:00+08,2021-07-31 15:30:00+08,"",EAST,5,"{""instructor"":[]}","{""notes"":[]}",t,57,"",2021-07-01 12:42:31.246+08,2021-09-30 03:01:27.73+08
280,2021-07-13 18:00:00+08,2021-07-13 20:30:00+08,"",WEST,5,"{""instructor"":[]}","{""notes"":[]}",t,57,"",2021-07-01 12:42:31.24+08,2021-09-30 03:01:27.731+08
289,2021-07-17 13:00:00+08,2021-07-17 15:30:00+08,"",WEST,5,"{""instructor"":[]}","{""notes"":[]}",t,57,"",2021-07-01 12:42:31.241+08,2021-09-30 03:01:27.731+08
300,2021-07-20 18:00:00+08,2021-07-20 20:30:00+08,"",WEST,5,"{""instructor"":[]}","{""notes"":[]}",t,57,"",2021-07-01 12:42:31.243+08,2021-09-30 03:01:27.731+08
306,2021-07-22 18:00:00+08,2021-07-22 20:30:00+08,"",WEST,5,"{""instructor"":[]}","{""notes"":[]}",t,57,"",2021-07-01 12:42:31.243+08,2021-09-30 03:01:27.731+08
292,2021-07-18 13:00:00+08,2021-07-18 15:30:00+08,"",WEST,5,"{""instructor"":[]}","{""notes"":[]}",t,17,"",2021-07-01 12:42:31.242+08,2021-09-30 03:01:27.737+08
307,2021-07-22 18:00:00+08,2021-07-22 20:30:00+08,"",EAST,5,"{""instructor"":[]}","{""notes"":[]}",t,17,"",2021-07-01 12:42:31.244+08,2021-09-30 03:01:27.737+08
261,2021-07-06 18:00:00+08,2021-07-06 20:30:00+08,"",EAST,5,"{""instructor"":[]}","{""notes"":[]}",t,17,"",2021-07-01 12:42:31.238+08,2021-09-30 03:01:27.738+08
319,2021-07-29 18:00:00+08,2021-07-29 20:30:00+08,"",EAST,5,"{""instructor"":[]}","{""notes"":[]}",t,17,"",2021-07-01 12:42:31.245+08,2021-09-30 03:01:27.738+08
312,2021-07-24 13:00:00+08,2021-07-24 15:30:00+08,"",WEST,5,"{""instructor"":[]}","{""notes"":[]}",t,17,"",2021-07-01 12:42:31.244+08,2021-09-30 03:01:27.738+08
262,2021-07-06 18:00:00+08,2021-07-06 20:30:00+08,"",WEST,5,"{""instructor"":[]}","{""notes"":[]}",t,17,"",2021-07-01 12:42:31.238+08,2021-09-30 03:01:27.738+08
313,2021-07-25 13:00:00+08,2021-07-25 15:30:00+08,"",WEST,5,"{""instructor"":[]}","{""notes"":[]}",t,17,"",2021-07-01 12:42:31.244+08,2021-09-30 03:01:27.738+08
290,2021-07-17 13:00:00+08,2021-07-17 15:30:00+08,"",WEST,5,"{""instructor"":[]}","{""notes"":[]}",t,17,"",2021-07-01 12:42:31.241+08,2021-09-30 03:01:27.739+08
285,2021-07-15 18:00:00+08,2021-07-15 20:30:00+08,"",WEST,5,"{""instructor"":[]}","{""notes"":[]}",t,49,"",2021-07-01 12:42:31.241+08,2021-09-30 03:01:27.745+08
276,2021-07-11 16:00:00+08,2021-07-11 18:30:00+08,"",WEST,5,"{""instructor"":[]}","{""notes"":[]}",t,49,"",2021-07-01 12:42:31.24+08,2021-09-30 03:01:27.746+08
297,2021-07-19 18:00:00+08,2021-07-19 20:30:00+08,"",WEST,5,"{""instructor"":[]}","{""notes"":[]}",t,49,"",2021-07-01 12:42:31.242+08,2021-09-30 03:01:27.746+08
314,2021-07-25 16:00:00+08,2021-07-25 18:30:00+08,"",WEST,5,"{""instructor"":[]}","{""notes"":[]}",t,49,"",2021-07-01 12:42:31.244+08,2021-09-30 03:01:27.746+08
293,2021-07-18 16:00:00+08,2021-07-18 18:30:00+08,"",WEST,5,"{""instructor"":[]}","{""notes"":[]}",t,49,"",2021-07-01 12:42:31.242+08,2021-09-30 03:01:27.746+08
274,2021-07-11 13:00:00+08,2021-07-11 15:30:00+08,"",WEST,5,"{""instructor"":[]}","{""notes"":[]}",t,62,"",2021-07-01 12:42:31.239+08,2021-09-30 03:01:27.754+08
278,2021-07-12 18:00:00+08,2021-07-12 20:30:00+08,"",EAST,5,"{""instructor"":[]}","{""notes"":[]}",t,62,"",2021-07-01 12:42:31.24+08,2021-09-30 03:01:27.754+08
281,2021-07-13 18:00:00+08,2021-07-13 20:30:00+08,"",WEST,5,"{""instructor"":[]}","{""notes"":[]}",t,63,"",2021-07-01 12:42:31.24+08,2021-09-30 03:01:27.755+08
275,2021-07-11 16:00:00+08,2021-07-11 18:30:00+08,"",WEST,5,"{""instructor"":[]}","{""notes"":[]}",f,64,"",2021-07-01 12:42:31.24+08,2021-09-30 03:01:27.756+08
321,2021-07-30 18:00:00+08,2021-07-30 20:30:00+08,"",EAST,5,"{""instructor"":[]}","{""notes"":[]}",f,50,"",2021-07-01 12:42:31.245+08,2021-09-30 03:01:27.757+08
270,2021-07-09 18:00:00+08,2021-07-09 20:30:00+08,"",WEST,5,"{""instructor"":[]}","{""notes"":[]}",f,65,"",2021-07-01 12:42:31.239+08,2021-09-30 03:01:27.758+08
322,2021-07-30 18:00:00+08,2021-07-30 20:30:00+08,"",WEST,5,"{""instructor"":[]}","{""notes"":[]}",f,65,"",2021-07-01 12:42:31.246+08,2021-09-30 03:01:27.758+08
264,2021-07-07 08:00:00+08,2021-07-07 12:00:00+08,"",WEST,5,"{""instructor"":[]}","{""notes"":[]}",t,68,"",2021-07-01 12:42:31.239+08,2021-09-30 03:01:27.765+08
268,2021-07-09 08:00:00+08,2021-07-09 12:00:00+08,"",WEST,5,"{""instructor"":[]}","{""notes"":[]}",t,68,"",2021-07-01 12:42:31.239+08,2021-09-30 03:01:27.765+08
266,2021-07-08 08:00:00+08,2021-07-08 12:00:00+08,"",WEST,5,"{""instructor"":[]}","{""notes"":[]}",t,68,"",2021-07-01 12:42:31.239+08,2021-09-30 03:01:27.766+08
310,2021-07-23 08:00:00+08,2021-07-23 12:00:00+08,"",WEST,5,"{""instructor"":[]}","{""notes"":[]}",t,73,"",2021-07-01 12:42:31.244+08,2021-09-30 03:01:27.769+08
295,2021-07-19 08:00:00+08,2021-07-19 12:00:00+08,"",WEST,5,"{""instructor"":[]}","{""notes"":[]}",t,73,"",2021-07-01 12:42:31.242+08,2021-09-30 03:01:27.769+08
303,2021-07-21 08:00:00+08,2021-07-21 12:00:00+08,"",WEST,5,"{""instructor"":[]}","{""notes"":[]}",t,73,"",2021-07-01 12:42:31.243+08,2021-09-30 03:01:27.769+08
305,2021-07-22 08:00:00+08,2021-07-22 12:00:00+08,"",WEST,5,"{""instructor"":[]}","{""notes"":[]}",t,73,"",2021-07-01 12:42:31.243+08,2021-09-30 03:01:27.769+08
265,2021-07-07 08:00:00+08,2021-07-07 12:00:00+08,"",WEST,5,"{""instructor"":[]}","{""notes"":[]}",t,70,"",2021-07-01 12:42:31.239+08,2021-09-30 03:01:27.774+08
269,2021-07-09 08:00:00+08,2021-07-09 12:00:00+08,"",WEST,5,"{""instructor"":[]}","{""notes"":[]}",t,70,"",2021-07-01 12:42:31.239+08,2021-09-30 03:01:27.774+08
267,2021-07-08 08:00:00+08,2021-07-08 12:00:00+08,"",WEST,5,"{""instructor"":[]}","{""notes"":[]}",t,70,"",2021-07-01 12:42:31.239+08,2021-09-30 03:01:27.774+08
282,2021-07-14 08:00:00+08,2021-07-14 12:00:00+08,"",WEST,5,"{""instructor"":[]}","{""notes"":[]}",t,72,"",2021-07-01 12:42:31.24+08,2021-09-30 03:01:27.783+08
277,2021-07-12 08:00:00+08,2021-07-12 12:00:00+08,"",WEST,5,"{""instructor"":[]}","{""notes"":[]}",t,72,"",2021-07-01 12:42:31.24+08,2021-09-30 03:01:27.783+08
279,2021-07-13 08:00:00+08,2021-07-13 12:00:00+08,"",WEST,5,"{""instructor"":[]}","{""notes"":[]}",t,72,"",2021-07-01 12:42:31.24+08,2021-09-30 03:01:27.783+08
283,2021-07-15 08:00:00+08,2021-07-15 12:00:00+08,"",WEST,5,"{""instructor"":[]}","{""notes"":[]}",t,72,"",2021-07-01 12:42:31.24+08,2021-09-30 03:01:27.783+08
315,2021-07-26 08:00:00+08,2021-07-26 12:00:00+08,"",WEST,5,"{""instructor"":[]}","{""notes"":[]}",t,74,"",2021-07-01 12:42:31.245+08,2021-09-30 03:01:27.791+08
320,2021-07-30 08:00:00+08,2021-07-30 12:00:00+08,"",WEST,5,"{""instructor"":[]}","{""notes"":[]}",t,74,"",2021-07-01 12:42:31.245+08,2021-09-30 03:01:27.791+08
317,2021-07-28 08:00:00+08,2021-07-28 12:00:00+08,"",WEST,5,"{""instructor"":[]}","{""notes"":[]}",t,74,"",2021-07-01 12:42:31.245+08,2021-09-30 03:01:27.791+08
318,2021-07-29 08:00:00+08,2021-07-29 12:00:00+08,"",WEST,5,"{""instructor"":[]}","{""notes"":[]}",t,74,"",2021-07-01 12:42:31.245+08,2021-09-30 03:01:27.791+08
316,2021-07-27 08:00:00+08,2021-07-27 12:00:00+08,"",WEST,5,"{""instructor"":[]}","{""notes"":[]}",t,74,"",2021-07-01 12:42:31.245+08,2021-09-30 03:01:27.791+08
304,2021-07-22 08:00:00+08,2021-07-22 12:00:00+08,"",WEST,5,"{""instructor"":[]}","{""notes"":[]}",t,69,"",2021-07-01 12:42:31.243+08,2021-09-30 03:01:27.795+08
298,2021-07-20 08:00:00+08,2021-07-20 12:00:00+08,"",WEST,5,"{""instructor"":[]}","{""notes"":[]}",t,69,"",2021-07-01 12:42:31.242+08,2021-09-30 03:01:27.795+08
309,2021-07-23 08:00:00+08,2021-07-23 12:00:00+08,"",WEST,5,"{""instructor"":[]}","{""notes"":[]}",t,69,"",2021-07-01 12:42:31.244+08,2021-09-30 03:01:27.795+08
302,2021-07-21 08:00:00+08,2021-07-21 12:00:00+08,"",WEST,5,"{""instructor"":[]}","{""notes"":[]}",t,69,"",2021-07-01 12:42:31.243+08,2021-09-30 03:01:27.795+08
272,2021-07-10 13:00:00+08,2021-07-10 15:30:00+08,"",WEST,5,"{""instructor"":[]}","{""notes"":[]}",t,71,"",2021-07-01 12:42:31.239+08,2021-09-30 03:01:27.797+08
287,2021-07-17 10:00:00+08,2021-07-17 12:00:00+08,"",WEST,5,"{""instructor"":[]}","{""notes"":[]}",t,10,"",2021-07-01 12:42:31.241+08,2021-09-30 03:01:27.797+08
271,2021-07-10 10:00:00+08,2021-07-10 12:00:00+08,"",WEST,5,"{""instructor"":[]}","{""notes"":[]}",t,10,"",2021-07-01 12:42:31.239+08,2021-09-30 03:01:27.797+08
311,2021-07-24 10:00:00+08,2021-07-24 12:00:00+08,"",WEST,5,"{""instructor"":[]}","{""notes"":[]}",t,10,"",2021-07-01 12:42:31.244+08,2021-09-30 03:01:27.797+08
323,2021-07-31 10:00:00+08,2021-07-31 12:00:00+08,"",WEST,5,"{""instructor"":[]}","{""notes"":[]}",t,10,"",2021-07-01 12:42:31.246+08,2021-09-30 03:01:27.797+08
325,2021-07-31 13:00:00+08,2021-07-31 15:30:00+08,"",WEST,5,"{""instructor"":[]}","{""notes"":[]}",t,57,"",2021-07-01 12:42:31.248+08,2021-09-30 03:01:27.73+08
284,2021-07-15 18:00:00+08,2021-07-15 20:30:00+08,"",WEST,5,"{""instructor"":[]}","{""notes"":[]}",t,57,"",2021-07-01 12:42:31.24+08,2021-09-30 03:01:27.73+08
273,2021-07-10 16:00:00+08,2021-07-10 18:30:00+08,"",WEST,5,"{""instructor"":[]}","{""notes"":[]}",t,57,"",2021-07-01 12:42:31.239+08,2021-09-30 03:01:27.731+08
308,2021-07-22 18:00:00+08,2021-07-22 20:30:00+08,"",WEST,5,"{""instructor"":[]}","{""notes"":[]}",t,49,"",2021-07-01 12:42:31.244+08,2021-09-30 03:01:27.746+08
336,2021-09-07 13:00:00+08,2021-09-07 15:30:00+08,"",WEST,5,"{""instructor"":[]}","{""notes"":[]}",t,57,"",2021-07-01 12:42:31.248+08,2021-09-30 03:01:27.731+08
328,2021-08-05 18:00:00+08,2021-08-05 20:30:00+08,"",EAST,5,"{""instructor"":[]}","{""notes"":[]}",t,57,"",2021-07-01 12:42:31.248+08,2021-09-30 03:01:27.731+08
337,2021-09-07 13:00:00+08,2021-09-07 15:30:00+08,"",WEST,5,"{""instructor"":[]}","{""notes"":[]}",t,17,"",2021-07-01 12:42:31.249+08,2021-09-30 03:01:27.737+08
326,2021-07-31 13:00:00+08,2021-07-31 15:30:00+08,"",WEST,5,"{""instructor"":[]}","{""notes"":[]}",t,17,"",2021-07-01 12:42:31.248+08,2021-09-30 03:01:27.738+08
341,2021-09-08 13:00:00+08,2021-09-08 15:30:00+08,"",WEST,5,"{""instructor"":[]}","{""notes"":[]}",t,17,"",2021-07-01 12:42:31.249+08,2021-09-30 03:01:27.738+08
345,2021-09-09 13:00:00+08,2021-09-09 15:30:00+08,"",WEST,5,"{""instructor"":[]}","{""notes"":[]}",t,17,"",2021-07-01 12:42:31.249+08,2021-09-30 03:01:27.739+08
330,2021-08-15 16:00:00+08,2021-08-15 18:30:00+08,"",WEST,5,"{""instructor"":[]}","{""notes"":[]}",t,49,"",2021-07-01 12:42:31.248+08,2021-09-30 03:01:27.746+08
327,2021-07-31 16:00:00+08,2021-07-31 18:30:00+08,"",WEST,5,"{""instructor"":[]}","{""notes"":[]}",t,63,"",2021-07-01 12:42:31.248+08,2021-09-30 03:01:27.755+08
339,2021-09-08 10:00:00+08,2021-09-08 12:00:00+08,"",WEST,5,"{""instructor"":[]}","{""notes"":[]}",t,54,"",2021-07-01 12:42:31.249+08,2021-09-30 03:01:27.771+08
346,2021-09-09 16:00:00+08,2021-09-09 18:00:00+08,"",WEST,5,"{""instructor"":[]}","{""notes"":[]}",t,60,"",2021-07-01 12:42:31.249+08,2021-09-30 03:01:27.793+08
334,2021-09-06 16:00:00+08,2021-09-06 18:00:00+08,"",WEST,5,"{""instructor"":[]}","{""notes"":[]}",t,60,"",2021-07-01 12:42:31.248+08,2021-09-30 03:01:27.794+08
332,2021-09-06 13:00:00+08,2021-09-06 15:30:00+08,"",WEST,5,"{""instructor"":[]}","{""notes"":[]}",t,71,"",2021-07-01 12:42:31.248+08,2021-09-30 03:01:27.797+08
1,2021-06-01 09:30:00+08,2021-06-01 12:00:00+08,"",HBL,5,"{""instructor"":[{""id"":1,""name"":""Emilio Kuhn"",""role"":""main""}]}","{""notes"":[]}",t,1,"",2021-07-01 12:42:31.219+08,2021-09-30 03:01:27.67+08
2,2021-06-01 09:30:00+08,2021-06-01 12:00:00+08,"",HBL,5,"{""instructor"":[{""id"":2,""name"":""Ms. Leon Lebsack"",""role"":""main""}]}","{""notes"":[]}",t,4,"",2021-07-01 12:42:31.22+08,2021-09-30 03:01:27.672+08
3,2021-06-01 09:30:00+08,2021-06-01 12:00:00+08,"",HBL,5,"{""instructor"":[{""id"":3,""name"":""Kimberly Parker"",""role"":""main""}]}","{""notes"":[]}",t,6,"",2021-07-01 12:42:31.22+08,2021-09-30 03:01:27.675+08
25,2021-06-03 09:30:00+08,2021-06-03 12:00:00+08,"",HBL,5,"{""instructor"":[{""id"":3,""name"":""Kimberly Parker"",""role"":""main""}]}","{""notes"":[]}",t,6,"",2021-07-01 12:42:31.221+08,2021-09-30 03:01:27.675+08
29,2021-06-03 13:00:00+08,2021-06-03 15:30:00+08,"",HBL,5,"{""instructor"":[{""id"":2,""name"":""Ms. Leon Lebsack"",""role"":""main""}]}","{""notes"":[]}",t,14,"",2021-07-01 12:42:31.222+08,2021-09-30 03:01:27.678+08
12,2021-06-01 20:00:00+08,2021-06-01 20:20:00+08,"",HBL,5,"{""instructor"":[{""id"":6,""name"":""Melba Farrell"",""role"":""main""}]}","{""notes"":[]}",t,23,"",2021-07-01 12:42:31.22+08,2021-09-30 03:01:27.682+08
65,2021-06-08 20:30:00+08,2021-06-08 20:50:00+08,"",HBL,5,"{""instructor"":[]}","{""notes"":[]}",t,23,"",2021-07-01 12:42:31.224+08,2021-09-30 03:01:27.682+08
33,2021-06-04 09:30:00+08,2021-06-04 12:00:00+08,"",HBL,5,"{""instructor"":[{""id"":6,""name"":""Melba Farrell"",""role"":""main""}]}","{""notes"":[]}",t,24,"",2021-07-01 12:42:31.222+08,2021-09-30 03:01:27.683+08
93,2021-06-11 09:30:00+08,2021-06-11 12:00:00+08,"",HBL,5,"{""instructor"":[{""id"":6,""name"":""Melba Farrell"",""role"":""main""}]}","{""notes"":[]}",t,24,"",2021-07-01 12:42:31.228+08,2021-09-30 03:01:27.683+08
46,2021-06-07 16:00:00+08,2021-06-07 18:30:00+08,"",HBL,5,"{""instructor"":[{""id"":8,""name"":""Miss Jody Gaylord"",""role"":""main""}]}","{""notes"":[]}",t,12,"",2021-07-01 12:42:31.223+08,2021-09-30 03:01:27.684+08
52,2021-06-08 09:30:00+08,2021-06-08 12:00:00+08,"",HBL,5,"{""instructor"":[{""id"":5,""name"":""Angelo Mosciski"",""role"":""main""}]}","{""notes"":[]}",t,12,"",2021-07-01 12:42:31.223+08,2021-09-30 03:01:27.684+08
39,2021-06-07 09:30:00+08,2021-06-07 12:00:00+08,"",HBL,5,"{""instructor"":[{""id"":1,""name"":""Emilio Kuhn"",""role"":""main""},{""id"":2,""name"":""Ms. Leon Lebsack"",""role"":""main""}]}","{""notes"":[]}",t,32,"",2021-07-01 12:42:31.222+08,2021-09-30 03:01:27.687+08
53,2021-06-08 09:30:00+08,2021-06-08 12:00:00+08,"",HBL,5,"{""instructor"":[{""id"":1,""name"":""Emilio Kuhn"",""role"":""main""},{""id"":2,""name"":""Ms. Leon Lebsack"",""role"":""main""}]}","{""notes"":[]}",t,32,"",2021-07-01 12:42:31.223+08,2021-09-30 03:01:27.687+08
83,2021-06-10 09:30:00+08,2021-06-10 12:00:00+08,"",HBL,5,"{""instructor"":[{""id"":7,""name"":""Miranda Tremblay"",""role"":""main""}]}","{""notes"":[]}",t,33,"",2021-07-01 12:42:31.226+08,2021-09-30 03:01:27.689+08
73,2021-06-09 13:00:00+08,2021-06-09 15:30:00+08,"",HBL,5,"{""instructor"":[{""id"":7,""name"":""Miranda Tremblay"",""role"":""main""},{""id"":9,""name"":""Max Murray"",""role"":""main""},{""id"":1,""name"":""Emilio Kuhn"",""role"":""main""}]}","{""notes"":[]}",t,2,"",2021-07-01 12:42:31.225+08,2021-09-30 03:01:27.69+08
87,2021-06-10 13:00:00+08,2021-06-10 15:30:00+08,"",HBL,5,"{""instructor"":[{""id"":7,""name"":""Miranda Tremblay"",""role"":""main""},{""id"":9,""name"":""Max Murray"",""role"":""main""},{""id"":1,""name"":""Emilio Kuhn"",""role"":""main""}]}","{""notes"":[]}",t,2,"",2021-07-01 12:42:31.226+08,2021-09-30 03:01:27.69+08
66,2021-06-09 09:30:00+08,2021-06-09 12:00:00+08,"",HBL,5,"{""instructor"":[{""id"":1,""name"":""Emilio Kuhn"",""role"":""main""},{""id"":11,""name"":""Kristy Schulist"",""role"":""main""}]}","{""notes"":[]}",t,29,"",2021-07-01 12:42:31.224+08,2021-09-30 03:01:27.691+08
80,2021-06-10 09:30:00+08,2021-06-10 12:00:00+08,"",HBL,5,"{""instructor"":[{""id"":1,""name"":""Emilio Kuhn"",""role"":""main""},{""id"":11,""name"":""Kristy Schulist"",""role"":""main""}]}","{""notes"":[]}",t,29,"",2021-07-01 12:42:31.226+08,2021-09-30 03:01:27.691+08
45,2021-06-07 13:00:00+08,2021-06-07 15:30:00+08,"",HBL,5,"{""instructor"":[{""id"":3,""name"":""Kimberly Parker"",""role"":""main""},{""id"":11,""name"":""Kristy Schulist"",""role"":""main""}]}","{""notes"":[]}",t,7,"",2021-07-01 12:42:31.223+08,2021-09-30 03:01:27.693+08
47,2021-06-07 16:00:00+08,2021-06-07 18:30:00+08,"",HBL,5,"{""instructor"":[{""id"":6,""name"":""Melba Farrell"",""role"":""main""}]}","{""notes"":[]}",t,5,"",2021-07-01 12:42:31.223+08,2021-09-30 03:01:27.694+08
63,2021-06-08 16:00:00+08,2021-06-08 18:30:00+08,"",HBL,5,"{""instructor"":[{""id"":1,""name"":""Emilio Kuhn"",""role"":""main""},{""id"":9,""name"":""Max Murray"",""role"":""main""}]}","{""notes"":[]}",t,20,"",2021-07-01 12:42:31.224+08,2021-09-30 03:01:27.697+08
67,2021-06-09 09:30:00+08,2021-06-09 12:00:00+08,"",HBL,5,"{""instructor"":[{""id"":5,""name"":""Angelo Mosciski"",""role"":""main""}]}","{""notes"":[]}",t,13,"",2021-07-01 12:42:31.225+08,2021-09-30 03:01:27.698+08
75,2021-06-09 16:00:00+08,2021-06-09 18:30:00+08,"",HBL,5,"{""instructor"":[{""id"":8,""name"":""Miss Jody Gaylord"",""role"":""main""}]}","{""notes"":[]}",t,13,"",2021-07-01 12:42:31.225+08,2021-09-30 03:01:27.698+08
81,2021-06-10 09:30:00+08,2021-06-10 12:00:00+08,"",HBL,5,"{""instructor"":[{""id"":5,""name"":""Angelo Mosciski"",""role"":""main""}]}","{""notes"":[]}",t,13,"",2021-07-01 12:42:31.226+08,2021-09-30 03:01:27.698+08
98,2021-06-12 10:00:00+08,2021-06-12 12:00:00+08,"",HBL,5,"{""instructor"":[{""id"":5,""name"":""Angelo Mosciski"",""role"":""main""},{""id"":9,""name"":""Max Murray"",""role"":""main""}]}","{""notes"":[]}",t,39,"",2021-07-01 12:42:31.228+08,2021-09-30 03:01:27.7+08
110,2021-06-15 09:30:00+08,2021-06-15 12:00:00+08,"",HBL,5,"{""instructor"":[{""id"":5,""name"":""Angelo Mosciski"",""role"":""main""},{""id"":9,""name"":""Max Murray"",""role"":""main""}]}","{""notes"":[]}",t,40,"",2021-07-01 12:42:31.229+08,2021-09-30 03:01:27.701+08
219,2021-06-25 09:30:00+08,2021-06-25 12:00:00+08,"",HBL,5,"{""instructor"":[{""id"":6,""name"":""Melba Farrell"",""role"":""main""}]}","{""notes"":[]}",t,25,"",2021-07-01 12:42:31.236+08,2021-09-30 03:01:27.712+08
340,2021-09-08 13:00:00+08,2021-09-08 15:30:00+08,"",WEST,5,"{""instructor"":[]}","{""notes"":[]}",t,57,"",2021-07-01 12:42:31.249+08,2021-09-30 03:01:27.731+08
329,2021-08-06 18:00:00+08,2021-08-06 20:30:00+08,"",EAST,5,"{""instructor"":[]}","{""notes"":[]}",f,64,"",2021-07-01 12:42:31.248+08,2021-09-30 03:01:27.756+08
338,2021-09-07 16:00:00+08,2021-09-07 18:00:00+08,"",WEST,5,"{""instructor"":[]}","{""notes"":[]}",t,60,"",2021-07-01 12:42:31.249+08,2021-09-30 03:01:27.794+08
342,2021-09-08 16:00:00+08,2021-09-08 18:00:00+08,"",WEST,5,"{""instructor"":[]}","{""notes"":[]}",t,60,"",2021-07-01 12:42:31.249+08,2021-09-30 03:01:27.794+08
132,2021-06-17 09:30:00+08,2021-06-17 12:00:00+08,"",HBL,5,"{""instructor"":[{""id"":5,""name"":""Angelo Mosciski"",""role"":""main""},{""id"":9,""name"":""Max Murray"",""role"":""main""}]}","{""notes"":[]}",t,40,"",2021-07-01 12:42:31.231+08,2021-09-30 03:01:27.702+08
114,2021-06-15 13:00:00+08,2021-06-15 15:30:00+08,"",HBL,5,"{""instructor"":[{""id"":7,""name"":""Miranda Tremblay"",""role"":""main""},{""id"":8,""name"":""Miss Jody Gaylord"",""role"":""main""},{""id"":1,""name"":""Emilio Kuhn"",""role"":""main""}]}","{""notes"":[]}",t,30,"",2021-07-01 12:42:31.23+08,2021-09-30 03:01:27.705+08
186,2021-06-23 13:00:00+08,2021-06-23 15:30:00+08,"",WEST,5,"{""instructor"":[{""id"":6,""name"":""Melba Farrell"",""role"":""main""}]}","{""notes"":[]}",t,42,"",2021-07-01 12:42:31.234+08,2021-09-30 03:01:27.719+08
211,2021-06-24 16:00:00+08,2021-06-24 18:30:00+08,"",HBL,5,"{""instructor"":[{""id"":2,""name"":""Ms. Leon Lebsack"",""role"":""main""}]}","{""notes"":[]}",t,31,"",2021-07-01 12:42:31.236+08,2021-09-30 03:01:27.728+08
344,2021-09-09 13:00:00+08,2021-09-09 15:30:00+08,"",WEST,5,"{""instructor"":[]}","{""notes"":[]}",t,57,"",2021-07-01 12:42:31.249+08,2021-09-30 03:01:27.731+08
246,2021-06-30 18:00:00+08,2021-06-30 20:30:00+08,"",WEST,5,"{""instructor"":[]}","{""notes"":[]}",t,61,"",2021-07-01 12:42:31.238+08,2021-09-30 03:01:27.753+08
237,2021-06-27 09:30:00+08,2021-06-27 12:00:00+08,"",WEST,5,"{""instructor"":[{""id"":1,""name"":""Emilio Kuhn"",""role"":""main""},{""id"":11,""name"":""Kristy Schulist"",""role"":""main""}]}","{""notes"":[]}",t,66,"",2021-07-01 12:42:31.237+08,2021-09-30 03:01:27.76+08
331,2021-09-06 10:00:00+08,2021-09-06 12:00:00+08,"",WEST,5,"{""instructor"":[]}","{""notes"":[]}",t,54,"",2021-07-01 12:42:31.248+08,2021-09-30 03:01:27.772+08
122,2021-06-16 09:30:00+08,2021-06-16 12:00:00+08,"",HBL,5,"{""instructor"":[{""id"":1,""name"":""Emilio Kuhn"",""role"":""main""},{""id"":2,""name"":""Ms. Leon Lebsack"",""role"":""main""}]}","{""notes"":[]}",t,43,"",2021-07-01 12:42:31.23+08,2021-09-30 03:01:27.703+08
136,2021-06-17 13:00:00+08,2021-06-17 15:30:00+08,"",HBL,5,"{""instructor"":[{""id"":7,""name"":""Miranda Tremblay"",""role"":""main""},{""id"":1,""name"":""Emilio Kuhn"",""role"":""main""},{""id"":11,""name"":""Kristy Schulist"",""role"":""main""}]}","{""notes"":[]}",t,30,"",2021-07-01 12:42:31.231+08,2021-09-30 03:01:27.705+08
128,2021-06-16 16:00:00+08,2021-06-16 18:30:00+08,"",HBL,5,"{""instructor"":[{""id"":3,""name"":""Kimberly Parker"",""role"":""main""}]}","{""notes"":[]}",t,15,"",2021-07-01 12:42:31.231+08,2021-09-30 03:01:27.71+08
166,2021-06-22 09:30:00+08,2021-06-22 12:00:00+08,"",WEST,5,"{""instructor"":[{""id"":9,""name"":""Max Murray"",""role"":""main""}]}","{""notes"":[]}",t,51,"",2021-07-01 12:42:31.233+08,2021-09-30 03:01:27.713+08
168,2021-06-22 10:00:00+08,2021-06-22 12:00:00+08,"",WEST,5,"{""instructor"":[{""id"":13,""name"":""Kelly Wunsch"",""role"":""main""},{""id"":14,""name"":""Randal Turner"",""role"":""main""}]}","{""notes"":[]}",t,53,"",2021-07-01 12:42:31.233+08,2021-09-30 03:01:27.715+08
333,2021-09-06 13:00:00+08,2021-09-06 15:30:00+08,"",WEST,5,"{""instructor"":[]}","{""notes"":[]}",t,55,"",2021-07-01 12:42:31.248+08,2021-09-30 03:01:27.723+08
263,2021-07-06 18:00:00+08,2021-07-06 20:30:00+08,"",WEST,5,"{""instructor"":[]}","{""notes"":[]}",t,56,"",2021-07-01 12:42:31.239+08,2021-09-30 03:01:27.724+08
176,2021-06-22 16:00:00+08,2021-06-22 18:30:00+08,"",HBL,5,"{""instructor"":[{""id"":2,""name"":""Ms. Leon Lebsack"",""role"":""main""}]}","{""notes"":[]}",t,31,"",2021-07-01 12:42:31.234+08,2021-09-30 03:01:27.728+08
171,2021-06-22 13:00:00+08,2021-06-22 15:30:00+08,"",WEST,5,"{""instructor"":[{""id"":1,""name"":""Emilio Kuhn"",""role"":""main""}]}","{""notes"":[]}",t,57,"",2021-07-01 12:42:31.233+08,2021-09-30 03:01:27.73+08
220,2021-06-25 09:30:00+08,2021-06-25 12:00:00+08,"",WEST,5,"{""instructor"":[{""id"":7,""name"":""Miranda Tremblay"",""role"":""main""}]}","{""notes"":[]}",t,57,"",2021-07-01 12:42:31.236+08,2021-09-30 03:01:27.73+08
296,2021-07-19 18:00:00+08,2021-07-19 20:30:00+08,"",EAST,5,"{""instructor"":[]}","{""notes"":[]}",t,57,"",2021-07-01 12:42:31.242+08,2021-09-30 03:01:27.73+08
190,2021-06-23 13:00:00+08,2021-06-23 15:30:00+08,"",WEST,5,"{""instructor"":[{""id"":11,""name"":""Kristy Schulist"",""role"":""main""}]}","{""notes"":[]}",t,17,"",2021-07-01 12:42:31.234+08,2021-09-30 03:01:27.736+08
214,2021-06-24 16:00:00+08,2021-06-24 18:30:00+08,"",WEST,5,"{""instructor"":[{""id"":7,""name"":""Miranda Tremblay"",""role"":""main""}]}","{""notes"":[]}",t,17,"",2021-07-01 12:42:31.236+08,2021-09-30 03:01:27.737+08
11,2021-06-01 16:00:00+08,2021-06-01 18:00:00+08,"",WEST,5,"{""instructor"":[]}","{""notes"":[]}",t,22,"",2021-07-01 12:42:31.22+08,2021-09-30 03:01:27.777+08
133,2021-06-17 09:30:00+08,2021-06-17 12:00:00+08,"",HBL,5,"{""instructor"":[{""id"":1,""name"":""Emilio Kuhn"",""role"":""main""},{""id"":2,""name"":""Ms. Leon Lebsack"",""role"":""main""}]}","{""notes"":[]}",t,43,"",2021-07-01 12:42:31.231+08,2021-09-30 03:01:27.703+08
116,2021-06-15 16:00:00+08,2021-06-15 18:30:00+08,"",HBL,5,"{""instructor"":[{""id"":6,""name"":""Melba Farrell"",""role"":""main""}]}","{""notes"":[]}",t,46,"",2021-07-01 12:42:31.23+08,2021-09-30 03:01:27.708+08
189,2021-06-23 13:00:00+08,2021-06-23 15:30:00+08,"",WEST,5,"{""instructor"":[{""id"":3,""name"":""Kimberly Parker"",""role"":""main""}]}","{""notes"":[]}",t,55,"",2021-07-01 12:42:31.234+08,2021-09-30 03:01:27.723+08
291,2021-07-17 16:00:00+08,2021-07-17 18:30:00+08,"",WEST,5,"{""instructor"":[]}","{""notes"":[]}",t,56,"",2021-07-01 12:42:31.241+08,2021-09-30 03:01:27.724+08
193,2021-06-23 13:00:00+08,2021-06-23 15:30:00+08,"",HBL,5,"{""instructor"":[{""id"":8,""name"":""Miss Jody Gaylord"",""role"":""main""}]}","{""notes"":[]}",t,16,"",2021-07-01 12:42:31.235+08,2021-09-30 03:01:27.726+08
222,2021-06-25 09:30:00+08,2021-06-25 12:00:00+08,"",WEST,5,"{""instructor"":[{""id"":7,""name"":""Miranda Tremblay"",""role"":""main""}]}","{""notes"":[]}",t,17,"",2021-07-01 12:42:31.237+08,2021-09-30 03:01:27.737+08
192,2021-06-23 13:00:00+08,2021-06-23 15:30:00+08,"",WEST,5,"{""instructor"":[{""id"":9,""name"":""Max Murray"",""role"":""main""}]}","{""notes"":[]}",t,49,"",2021-07-01 12:42:31.235+08,2021-09-30 03:01:27.745+08
235,2021-06-26 09:30:00+08,2021-06-26 12:00:00+08,"",WEST,5,"{""instructor"":[{""id"":1,""name"":""Emilio Kuhn"",""role"":""main""},{""id"":4,""name"":""Ruben Jacobs"",""role"":""main""}]}","{""notes"":[]}",t,66,"",2021-07-01 12:42:31.237+08,2021-09-30 03:01:27.759+08
343,2021-09-09 10:00:00+08,2021-09-09 12:00:00+08,"",WEST,5,"{""instructor"":[]}","{""notes"":[]}",t,54,"",2021-07-01 12:42:31.249+08,2021-09-30 03:01:27.772+08
103,2021-06-14 13:00:00+08,2021-06-14 15:30:00+08,"",HBL,5,"{""instructor"":[{""id"":7,""name"":""Miranda Tremblay"",""role"":""main""},{""id"":1,""name"":""Emilio Kuhn"",""role"":""main""},{""id"":11,""name"":""Kristy Schulist"",""role"":""main""}]}","{""notes"":[]}",t,30,"",2021-07-01 12:42:31.229+08,2021-09-30 03:01:27.705+08
183,2021-06-23 10:00:00+08,2021-06-23 12:00:00+08,"",EAST,5,"{""instructor"":[{""id"":12,""name"":""Orville Wisoky"",""role"":""main""}]}","{""notes"":[]}",t,52,"",2021-07-01 12:42:31.234+08,2021-09-30 03:01:27.714+08
203,2021-06-24 10:00:00+08,2021-06-24 12:00:00+08,"",WEST,5,"{""instructor"":[{""id"":13,""name"":""Kelly Wunsch"",""role"":""main""},{""id"":14,""name"":""Randal Turner"",""role"":""main""}]}","{""notes"":[]}",t,53,"",2021-07-01 12:42:31.236+08,2021-09-30 03:01:27.716+08
173,2021-06-22 13:00:00+08,2021-06-22 15:30:00+08,"",WEST,5,"{""instructor"":[{""id"":7,""name"":""Miranda Tremblay"",""role"":""main""}]}","{""notes"":[]}",t,17,"",2021-07-01 12:42:31.234+08,2021-09-30 03:01:27.736+08
191,2021-06-23 13:00:00+08,2021-06-23 15:30:00+08,"",EAST,5,"{""instructor"":[{""id"":5,""name"":""Angelo Mosciski"",""role"":""main""}]}","{""notes"":[]}",t,49,"",2021-07-01 12:42:31.235+08,2021-09-30 03:01:27.745+08
230,2021-06-25 13:00:00+08,2021-06-25 15:30:00+08,"",WEST,5,"{""instructor"":[{""id"":11,""name"":""Kristy Schulist"",""role"":""main""}]}","{""notes"":[]}",t,49,"",2021-07-01 12:42:31.237+08,2021-09-30 03:01:27.745+08
196,2021-06-23 16:00:00+08,2021-06-23 18:30:00+08,"",WEST,5,"{""instructor"":[{""id"":3,""name"":""Kimberly Parker"",""role"":""main""}]}","{""notes"":[]}",t,61,"",2021-07-01 12:42:31.235+08,2021-09-30 03:01:27.753+08
335,2021-09-07 10:00:00+08,2021-09-07 12:00:00+08,"",WEST,5,"{""instructor"":[]}","{""notes"":[]}",t,54,"",2021-07-01 12:42:31.248+08,2021-09-30 03:01:27.771+08
286,2021-07-16 08:00:00+08,2021-07-16 12:00:00+08,"",WEST,5,"{""instructor"":[]}","{""notes"":[]}",t,72,"",2021-07-01 12:42:31.241+08,2021-09-30 03:01:27.783+08
6,2021-06-01 13:00:00+08,2021-06-01 15:30:00+08,"",HBL,5,"{""instructor"":[{""id"":9,""name"":""Max Murray"",""role"":""main""},{""id"":8,""name"":""Miss Jody Gaylord"",""role"":""main""},{""id"":5,""name"":""Angelo Mosciski"",""role"":""main""}]}","{""notes"":[]}",t,11,"",2021-07-01 12:42:31.22+08,2021-09-30 03:01:27.676+08
18,2021-06-02 13:00:00+08,2021-06-02 15:30:00+08,"",HBL,5,"{""instructor"":[{""id"":9,""name"":""Max Murray"",""role"":""main""},{""id"":8,""name"":""Miss Jody Gaylord"",""role"":""main""},{""id"":5,""name"":""Angelo Mosciski"",""role"":""main""}]}","{""notes"":[]}",t,11,"",2021-07-01 12:42:31.221+08,2021-09-30 03:01:27.676+08
20,2021-06-02 16:00:00+08,2021-06-02 18:30:00+08,"",HBL,5,"{""instructor"":[{""id"":4,""name"":""Ruben Jacobs"",""role"":""main""}]}","{""notes"":[]}",t,18,"",2021-07-01 12:42:31.221+08,2021-09-30 03:01:27.679+08
10,2021-06-01 16:00:00+08,2021-06-01 18:30:00+08,"",HBL,5,"{""instructor"":[{""id"":5,""name"":""Angelo Mosciski"",""role"":""main""}]}","{""notes"":[]}",t,19,"",2021-07-01 12:42:31.22+08,2021-09-30 03:01:27.68+08
82,2021-06-10 09:30:00+08,2021-06-10 12:00:00+08,"",HBL,5,"{""instructor"":[{""id"":1,""name"":""Emilio Kuhn"",""role"":""main""},{""id"":2,""name"":""Ms. Leon Lebsack"",""role"":""main""}]}","{""notes"":[]}",t,32,"",2021-07-01 12:42:31.226+08,2021-09-30 03:01:27.687+08
78,2021-06-09 16:00:00+08,2021-06-09 18:30:00+08,"",HBL,5,"{""instructor"":[{""id"":1,""name"":""Emilio Kuhn"",""role"":""main""},{""id"":9,""name"":""Max Murray"",""role"":""main""}]}","{""notes"":[]}",t,20,"",2021-07-01 12:42:31.226+08,2021-09-30 03:01:27.697+08
143,2021-06-18 09:30:00+08,2021-06-18 12:00:00+08,"",HBL,5,"{""instructor"":[{""id"":6,""name"":""Melba Farrell"",""role"":""main""}]}","{""notes"":[]}",t,25,"",2021-07-01 12:42:31.231+08,2021-09-30 03:01:27.712+08
182,2021-06-23 09:30:00+08,2021-06-23 12:00:00+08,"",WEST,5,"{""instructor"":[{""id"":9,""name"":""Max Murray"",""role"":""main""}]}","{""notes"":[]}",t,51,"",2021-07-01 12:42:31.234+08,2021-09-30 03:01:27.713+08
151,2021-06-21 13:00:00+08,2021-06-21 15:30:00+08,"",HBL,5,"{""instructor"":[{""id"":2,""name"":""Ms. Leon Lebsack"",""role"":""main""}]}","{""notes"":[]}",t,41,"",2021-07-01 12:42:31.232+08,2021-09-30 03:01:27.717+08
185,2021-06-23 13:00:00+08,2021-06-23 15:30:00+08,"",HBL,5,"{""instructor"":[{""id"":2,""name"":""Ms. Leon Lebsack"",""role"":""main""}]}","{""notes"":[]}",t,41,"",2021-07-01 12:42:31.234+08,2021-09-30 03:01:27.717+08
301,2021-07-20 18:00:00+08,2021-07-20 20:30:00+08,"",WEST,5,"{""instructor"":[]}","{""notes"":[]}",t,56,"",2021-07-01 12:42:31.243+08,2021-09-30 03:01:27.724+08
210,2021-06-24 13:00:00+08,2021-06-24 15:30:00+08,"",HBL,5,"{""instructor"":[{""id"":8,""name"":""Miss Jody Gaylord"",""role"":""main""}]}","{""notes"":[]}",t,16,"",2021-07-01 12:42:31.236+08,2021-09-30 03:01:27.726+08
227,2021-06-25 13:00:00+08,2021-06-25 15:30:00+08,"",WEST,5,"{""instructor"":[{""id"":6,""name"":""Melba Farrell"",""role"":""main""}]}","{""notes"":[]}",t,57,"",2021-07-01 12:42:31.237+08,2021-09-30 03:01:27.73+08
213,2021-06-24 16:00:00+08,2021-06-24 18:30:00+08,"",EAST,5,"{""instructor"":[{""id"":1,""name"":""Emilio Kuhn"",""role"":""main""}]}","{""notes"":[]}",t,17,"",2021-07-01 12:42:31.236+08,2021-09-30 03:01:27.737+08
229,2021-06-25 13:00:00+08,2021-06-25 15:30:00+08,"",WEST,5,"{""instructor"":[{""id"":7,""name"":""Miranda Tremblay"",""role"":""main""}]}","{""notes"":[]}",t,17,"",2021-07-01 12:42:31.237+08,2021-09-30 03:01:27.737+08
179,2021-06-22 16:00:00+08,2021-06-22 18:30:00+08,"",WEST,5,"{""instructor"":[{""id"":3,""name"":""Kimberly Parker"",""role"":""main""}]}","{""notes"":[]}",t,49,"",2021-07-01 12:42:31.234+08,2021-09-30 03:01:27.745+08
224,2021-06-25 09:30:00+08,2021-06-25 12:00:00+08,"",WEST,5,"{""instructor"":[{""id"":11,""name"":""Kristy Schulist"",""role"":""main""}]}","{""notes"":[]}",t,49,"",2021-07-01 12:42:31.237+08,2021-09-30 03:01:27.745+08
348,2021-07-01 09:30:00+08,2021-07-01 12:00:00+08,,EAST,5,"{""instructor"":[{""id"":5,""name"":""Angelo Mosciski"",""role"":""Main""}]}",,t,75,"",2021-07-01 12:48:52.126+08,2021-09-30 03:01:27.76+08
347,2021-07-02 09:30:00+08,2021-07-02 12:00:00+08,,EAST,5,"{""instructor"":[{""id"":5,""name"":""Angelo Mosciski"",""role"":""Main""}]}",,t,75,"",2021-07-01 12:48:52.126+08,2021-09-30 03:01:27.761+08
299,2021-07-20 08:00:00+08,2021-07-20 12:00:00+08,"",WEST,5,"{""instructor"":[]}","{""notes"":[]}",t,73,"",2021-07-01 12:42:31.242+08,2021-09-30 03:01:27.769+08
254,2021-07-02 08:00:00+08,2021-07-02 12:00:00+08,"",WEST,5,"{""instructor"":[]}","{""notes"":[]}",t,67,"",2021-07-01 12:42:31.238+08,2021-09-30 03:01:27.775+08
294,2021-07-19 08:00:00+08,2021-07-19 12:00:00+08,"",WEST,5,"{""instructor"":[]}","{""notes"":[]}",t,69,"",2021-07-01 12:42:31.242+08,2021-09-30 03:01:27.795+08
