id,name,mobile,email,password,is_admin,is_parent,created_at,updated_at
3,Andy Conroy III,680-996-4907,Briana_Reilly@yahoo.com,$2b$10$zOTI4TCzf9NmTmnZAwlEWe0N7rJX1YsaQS.BtTNZpHXYCwvgLVJ4m,f,t,2021-07-01 12:42:20.475+08,2021-09-30 03:00:22.254+08
5,Lucille Wehner,910-938-4034,Spencer.Ryan57@hotmail.com,$2b$10$Wvud10FTt4pbPIo1lwMEOONXzSnGgCsN1GWPbXf60/AJesWbvntE2,f,t,2021-07-01 12:42:20.573+08,2021-09-30 03:00:22.254+08
6,Rogelio Dibbert,961-424-6497,Kellie70@hotmail.com,$2b$10$3FBTxYG.jUqUHEeAwAo9lek6C3JAz0UmE7/NskTI89tzoUZTjaYTq,f,t,2021-07-01 12:42:20.623+08,2021-09-30 03:00:22.254+08
7,Ivan Wuckert Sr.,799-390-1364,Tod42@hotmail.com,$2b$10$2h9pJuFuKZObL0gUGHNWu.1J7TX7u7aT7qge/ZcPIrYTKo06gLDAa,f,t,2021-07-01 12:42:20.672+08,2021-09-30 03:00:22.254+08
8,Lydia Green,450-801-0092,Murray.Monahan10@yahoo.com,$2b$10$7XnjTccp9s9IaUOIiZ967es96Jw/xNUPcVR8Na0iWp9ApEjReMwUa,f,t,2021-07-01 12:42:20.722+08,2021-09-30 03:00:22.254+08
9,Fannie Haley,326-329-3417,Carissa.Cole@gmail.com,$2b$10$X7iJSKlWrnFu7bYWF9myVe7T3Dpd8DZnwRYnDlOFaIgOhC0/HOUEC,f,t,2021-07-01 12:42:20.771+08,2021-09-30 03:00:22.254+08
11,Marguerite Aufderhar,818-611-6568,Sincere.Jones83@hotmail.com,$2b$10$sVXfC8f51MaujPmeA4UWRekSmebsA1KuvMg71gCguzllRh1uHl0hu,f,t,2021-07-01 12:42:20.87+08,2021-09-30 03:00:22.255+08
12,Timmy Rolfson,425-761-8230,Edison_Jenkins63@gmail.com,$2b$10$DMWYfWSS807PSDWx62grAenYMlUVvgPNGcjKYWivxDW6gb5PNiPa6,f,t,2021-07-01 12:42:20.919+08,2021-09-30 03:00:22.255+08
13,Karla Bashirian,921-509-2862,Tyrell45@hotmail.com,$2b$10$waMoqholluR3qxDq79lVTe5BdADi5GkTj3eC66/yXYZr9K8JiM3lu,f,t,2021-07-01 12:42:20.968+08,2021-09-30 03:00:22.255+08
14,Dr. Gina Wisoky,699-554-8270,Florian21@yahoo.com,$2b$10$PCXOi1XmfTjBpQdneTye3.bWVLB.XS2ODWnTCM39bD32VmXsVpdDi,f,t,2021-07-01 12:42:21.018+08,2021-09-30 03:00:22.255+08
15,Jean Watsica,944-757-4048,King50@hotmail.com,$2b$10$fepkIFxPk5wjQ6kROrtJjupERI7TA8F.vahjnKpQgwct58zqmn3Xe,f,t,2021-07-01 12:42:21.068+08,2021-09-30 03:00:22.255+08
16,Lucy Volkman,845-679-4044,Mohamed.Lehner@yahoo.com,$2b$10$VKt4XpL4zMW.TQkr1QT9.OvKkI.6vJzJvfVSmKg69tusI.0kp8WGi,f,t,2021-07-01 12:42:21.117+08,2021-09-30 03:00:22.255+08
17,Marshall Schoen,384-314-2754,Rylee_Pfannerstill11@gmail.com,$2b$10$3UOqkq8om.Imz7AEa8yBheboA9yd.HdGU0fNiJ7KCxuUa1BIF3uyS,f,t,2021-07-01 12:42:21.167+08,2021-09-30 03:00:22.255+08
18,Kristi Langworth DDS,405-622-5212,Eileen.Graham51@yahoo.com,$2b$10$emqRmPLrDuIeeQMkDmftrO2AK/diYKdiJYob2RA96GQOpNLbkNbCW,f,t,2021-07-01 12:42:21.216+08,2021-09-30 03:00:22.255+08
19,Angelo Bode,305-575-4662,Shakira78@hotmail.com,$2b$10$yGO/Hkx/3hi7S8NVxfrrI.gJZUk1wxMWOF6iWx4/idzd5CnDFGzuy,f,t,2021-07-01 12:42:21.265+08,2021-09-30 03:00:22.255+08
20,Teresa Rath,384-460-5203,Wilhelm97@gmail.com,$2b$10$eWSWjysbAMvmWRCB89v53eZq.VoQDUSemSjBgbCh9uAX4zgZXwOqW,f,t,2021-07-01 12:42:21.315+08,2021-09-30 03:00:22.256+08
22,Angie Renner,553-727-5180,Zoie12@gmail.com,$2b$10$RkK0PJrB2oneEwxAFXbGMOUoh.6zJgbKFHutLJhFmTeklNEfRjivu,f,t,2021-07-01 12:42:21.413+08,2021-09-30 03:00:22.256+08
23,Dr. Dwight Cronin,446-525-6231,Edgardo83@yahoo.com,$2b$10$dIXGTNTdJkwqWw2RuX61MO80saWa3BuZWbYADlMb7/ZaPdoxo91Gi,f,t,2021-07-01 12:42:21.463+08,2021-09-30 03:00:22.256+08
24,Krista Spinka,524-435-2217,Curtis_Volkman41@yahoo.com,$2b$10$xukJWY8aEZlJizKdtpbTLOmY1SDAFIrjEcczR5DSKEI/UUraBDiNO,f,t,2021-07-01 12:42:21.513+08,2021-09-30 03:00:22.256+08
25,Stephanie Kirlin,405-965-6297,Joana_Larkin17@yahoo.com,$2b$10$bItwSC8Cuwdh2bTLB7G7VOHoPQ0zKyEsi/xh1cQobQalsSAU70m1m,f,t,2021-07-01 12:42:21.562+08,2021-09-30 03:00:22.256+08
26,Heidi Legros II,889-752-8847,Adan_Harris@gmail.com,$2b$10$HsZhXPZHIIH.hxBLNjAgq.6Zu8qpO0uP10PIfuReXL8Nl92ZNDa1q,f,t,2021-07-01 12:42:21.612+08,2021-09-30 03:00:22.256+08
27,Randall Abbott,424-719-0615,Anika.Morar@yahoo.com,$2b$10$KXKPMs3pSVUA9AeiMaHPf.PHHx6tsSZDyDuMM7wNhMuVCJKMWBQcG,f,t,2021-07-01 12:42:21.662+08,2021-09-30 03:00:22.256+08
28,Cameron Effertz Jr.,383-889-2852,Ronny27@gmail.com,$2b$10$Et06LlnVfg1rEqKR5S289.gN4jWIrOCstbPC57yHKBbWPJzgYNI56,f,t,2021-07-01 12:42:21.711+08,2021-09-30 03:00:22.256+08
29,Rene Yundt,370-808-7117,Randi89@hotmail.com,$2b$10$PJObL.e6FxzltOr0oCiVVOniMIJwnUpV7SLEXdBQ/6KJaxSL7iy7i,f,t,2021-07-01 12:42:21.761+08,2021-09-30 03:00:22.256+08
30,Mr. Kellie Wiza,965-754-5581,Libbie95@hotmail.com,$2b$10$ONMZDakyCdUgP9Tmrmh22e4gKoLHT3/7eSzhtJCgBzB1jqf.wuXUu,f,t,2021-07-01 12:42:21.811+08,2021-09-30 03:00:22.257+08
31,Nina Block,417-754-0285,Lottie_Wilkinson52@hotmail.com,$2b$10$E.OSnkSVtyetp9tFcLFPBeCdE10YJPrBYtqkWIvmQR3Ea49MDRIBK,f,t,2021-07-01 12:42:21.86+08,2021-09-30 03:00:22.257+08
33,Kristi King,957-320-1017,Kacey76@yahoo.com,$2b$10$Wo2vU99bVdGkosNw8u4eTupuTCZ.nwNBPVA5qHqc6/0GrZ3sjhFuO,f,t,2021-07-01 12:42:21.96+08,2021-09-30 03:00:22.257+08
34,Kate Sanford IV,608-347-6142,Duncan_Becker@hotmail.com,$2b$10$ugesQYxneN0uyXZ7UhNdC.IvqrfyZaVDXh0YxJrgChCNg0rWhPhHm,f,t,2021-07-01 12:42:22.009+08,2021-09-30 03:00:22.257+08
35,Minnie Gleason,964-401-4059,Esmeralda.Kris@hotmail.com,$2b$10$ivqwp9IpCDa2VL3VoHeE1eDWgsiJgWdGmXpxMGp2tZBk/LkQ1Vc4W,f,t,2021-07-01 12:42:22.059+08,2021-09-30 03:00:22.257+08
36,Raul Bergstrom,478-684-6966,Dante.Pacocha@hotmail.com,$2b$10$STGyFiBrObzbHtElnydOdeCdFbCgmIRgRJ.Gfor7M.R9H83YorP.u,f,t,2021-07-01 12:42:22.108+08,2021-09-30 03:00:22.257+08
37,Susan Predovic,263-890-8703,Augustus.Cole@gmail.com,$2b$10$grWqWJi6pNZxZkLyrPH5eex58hdnV8ZYcmxqZH3pphQ6BYTMontmi,f,t,2021-07-01 12:42:22.158+08,2021-09-30 03:00:22.257+08
38,Rickey Bartell,948-876-9452,Eulalia.Jones83@hotmail.com,$2b$10$ak89zCavH8xN19QvC4DYOeJ46OYoiES.BJNalMIWu4GVAWGWcV1du,f,t,2021-07-01 12:42:22.207+08,2021-09-30 03:00:22.257+08
39,Sylvester Weissnat,888-760-4644,George.Mohr0@hotmail.com,$2b$10$fIJRW.ABnXrzB2SnIf/lKunfDHbgiJpHnSLD.RVrcn4dwqXdub8ce,f,t,2021-07-01 12:42:22.257+08,2021-09-30 03:00:22.258+08
40,Fernando Littel,739-258-3591,Rhea15@gmail.com,$2b$10$8eaeSPla6mDFg0gOnpqdzuDEQMmmTxbyAozrapwV1JKGwoy4oXkG.,f,t,2021-07-01 12:42:22.306+08,2021-09-30 03:00:22.258+08
41,Wesley Baumbach,574-653-3329,Garry.Hammes@yahoo.com,$2b$10$G4lFMOzHlU64Q5N0vwhgTeQPaqxoH8BOTEerFe.cu49xTigCOg.FG,f,t,2021-07-01 12:42:22.356+08,2021-09-30 03:00:22.258+08
42,Kayla Wiza,359-641-6941,Wilfred_Von@yahoo.com,$2b$10$lKlz2HgqcEUC218bhB5F..2SXDgHiEvE2BS4z5JxRQ6Kf1OL3/08S,f,t,2021-07-01 12:42:22.405+08,2021-09-30 03:00:22.258+08
43,Doug Roob,894-461-3700,Guillermo18@yahoo.com,$2b$10$qtFSF0ribG6HM.5KG9f6su3R8BKzRZ/GW/wRX9F52IlyhMywrilDW,f,t,2021-07-01 12:42:22.455+08,2021-09-30 03:00:22.258+08
44,Conrad Crooks,451-700-1672,Abigail97@hotmail.com,$2b$10$9RaeHWobHBNbt8hReDz/he/wYDzMiqOXWq5bDkeY52fJkvkAHSDD.,f,t,2021-07-01 12:42:22.504+08,2021-09-30 03:00:22.258+08
46,Orville Satterfield,355-846-0669,Braulio72@hotmail.com,$2b$10$LI7/uX5zdlZnUznHZNdn5ONnvmTMd9Pc0RCc.iTXu57XImJsGv2gO,f,t,2021-07-01 12:42:22.603+08,2021-09-30 03:00:22.258+08
47,Mrs. Rudy Lakin,567-640-0811,Gussie87@hotmail.com,$2b$10$KXwYBz/eHLG0fgMzJFhe.etBbuihOwXpvVl1sHiVY9h9tRYA1299W,f,t,2021-07-01 12:42:22.652+08,2021-09-30 03:00:22.258+08
48,Cedric Lakin MD,817-703-0604,Myles50@hotmail.com,$2b$10$ANX1tUNKDdjNEJ3aTU4yv.Jmh4xBocU/AEhsDYsbcXQq9DR5Z7F6u,f,t,2021-07-01 12:42:22.701+08,2021-09-30 03:00:22.258+08
49,Bobby Brown,280-959-5587,Brennon.Schimmel26@yahoo.com,$2b$10$fRUlfFvd3.GBYzPxNd4w3ecTFiuyNhKyvLT9O5RGP8j/oZ5z2qiGO,f,t,2021-07-01 12:42:22.751+08,2021-09-30 03:00:22.258+08
50,Olga Dach,813-681-5129,Alejandra_Herman@hotmail.com,$2b$10$1hyBaAwA/nlpSPJWgfKMLO/rIqgXgd6Uvd.zF2apSN5Yjgp0e0U.u,f,t,2021-07-01 12:42:22.801+08,2021-09-30 03:00:22.259+08
51,Sam Dach,568-826-9543,Ottilie.Kshlerin12@gmail.com,$2b$10$yswZAQ1DMby/Qc1Ggj/hfuWZUtHZ6dNYU19lCv6vRjDc2iFBD1qCK,f,t,2021-07-01 12:42:22.85+08,2021-09-30 03:00:22.259+08
56,Richard Glover,993-405-4944,Jayce.Lehner@hotmail.com,$2b$10$J.XoQIIQVX5o3kalmJSEmOwpE5FQhwznOHU6GS.WPlXbidtW8O37.,f,t,2021-07-01 12:42:23.098+08,2021-09-30 03:00:22.259+08
57,Mrs. Jacob Maggio,409-866-0405,Aidan55@gmail.com,$2b$10$tWxtnZcvJ7PUhGliIisgyeFUH3H0qtmfXR0n2LwI6884FVadi5UJK,f,t,2021-07-01 12:42:23.147+08,2021-09-30 03:00:22.259+08
58,Derek Rolfson,799-812-2080,Brenda39@yahoo.com,$2b$10$vCImdqJyWxH3J.otat/nueHgtN0OWnWsWGT8423xWo1a5WH7TDD4e,f,t,2021-07-01 12:42:23.197+08,2021-09-30 03:00:22.259+08
60,Miss Eddie Yost,337-628-9749,Keanu.Koch48@gmail.com,$2b$10$KWDnKEe8uPN2Nmaxzs7kUOYMD4eBN8sVeP9/gjV1chmrvUsuX8kX6,f,t,2021-07-01 12:42:23.296+08,2021-09-30 03:00:22.26+08
61,Miriam Morar DDS,864-286-0888,Kassandra.Stoltenberg29@yahoo.com,$2b$10$FTvMPkyYRPe6NC.tX5J43Oet6vKglQDzdUY/l5KQe6pB84QTH7Jou,f,t,2021-07-01 12:42:23.346+08,2021-09-30 03:00:22.26+08
62,Eileen Luettgen,936-629-6832,Blaise_Bergstrom@hotmail.com,$2b$10$pX9ICXunIg7O.KYuSalo1.OKFDqG39vZsLc4bdwKtwP2xrLTFd4oK,f,t,2021-07-01 12:42:23.395+08,2021-09-30 03:00:22.26+08
63,Clyde Braun,297-994-4741,Hans89@yahoo.com,$2b$10$w3Nah6J5iNPq2.iSV0wvKeOCvptEbJipzB08eLynZ3OI/G3xKUKJu,f,t,2021-07-01 12:42:23.445+08,2021-09-30 03:00:22.26+08
64,Miranda Kessler PhD,481-752-3249,Marco_Dicki@gmail.com,$2b$10$eJVzXEC4Vs706CG94lzNke49KzFaOkrmGUtmNXRF2fwHTUBKBRVby,f,t,2021-07-01 12:42:23.495+08,2021-09-30 03:00:22.26+08
65,Edgar Kirlin,852-270-2592,Wilhelm.Howell@yahoo.com,$2b$10$iEEOlHlyGHyL22of2xBWfuGMLWSEfKlQIJeYsEjDbsxFH5wAu5fMy,f,t,2021-07-01 12:42:23.544+08,2021-09-30 03:00:22.26+08
66,Ms. Felix Lowe,972-488-4973,Kamron.Kreiger49@gmail.com,$2b$10$hns7IAiX50DIvShQwpFS2.K8h4nAGGPbk0r8zc5ybwFCA6fFAikYq,f,t,2021-07-01 12:42:23.594+08,2021-09-30 03:00:22.26+08
68,Marjorie Wunsch,711-426-2130,Lucas5@gmail.com,$2b$10$2L9S6IOCKb6iBdG7/fF7..U.ncDG22985BQ436QdVhfAVQu6PCcIq,f,t,2021-07-01 12:42:23.692+08,2021-09-30 03:00:22.26+08
69,Ramon Lang,563-782-3663,Lacey.Bode@gmail.com,$2b$10$UK27ikaumEbmM21AiMUBm.eqFhtgWI9Sg611hHKCA2N9hpXM3ybSe,f,t,2021-07-01 12:42:23.741+08,2021-09-30 03:00:22.261+08
70,Clara Kirlin,605-396-9497,Vivianne.VonRueden85@gmail.com,$2b$10$n0rKXOX0RiSIzrjTFezhneviIhffu4YzVOhlGnTm6HvPvnCF6S.kC,f,t,2021-07-01 12:42:23.791+08,2021-09-30 03:00:22.261+08
71,Blake Sanford DDS,617-550-8690,Anahi_Friesen@hotmail.com,$2b$10$V19O9v3Q4VAnvqotyInNsO8SyNC0GHKYV5oQGKtr2k96ucwzE9jJ2,f,t,2021-07-01 12:42:23.84+08,2021-09-30 03:00:22.261+08
72,Mr. Blanche Nitzsche,962-515-6753,Anjali.Ledner@hotmail.com,$2b$10$/S2lUdJdpJTItT4gtCYZeuN.PdtJqeQaIH4yrvMsypEmVJwjWDapG,f,t,2021-07-01 12:42:23.89+08,2021-09-30 03:00:22.261+08
74,Betsy Hayes,363-295-1306,Chaya_Rempel@hotmail.com,$2b$10$nbGz4Uh.Qvjde/gL2QKi8O4XGTB1K2uRWVmZkOrpCjk5IBJqN10s6,f,t,2021-07-01 12:42:23.988+08,2021-09-30 03:00:22.261+08
75,Erick Larson,527-259-2855,Mortimer_Renner@hotmail.com,$2b$10$Gx9lNlG6AYtbdCsNm9.TNuMDSz3pqjJXplBRY0U1Q2pwUY/G/0WCi,f,t,2021-07-01 12:42:24.038+08,2021-09-30 03:00:22.261+08
76,Valerie Runte,440-292-6931,Melody58@hotmail.com,$2b$10$nM0Aq7VOfuvkBaR/toMGBeFQll4YZPxW361bqkyKCALbrgP8gEeAW,f,t,2021-07-01 12:42:24.087+08,2021-09-30 03:00:22.261+08
77,Mrs. Timmy Schultz,529-632-3814,Elyssa88@yahoo.com,$2b$10$MGdLLMDxKECBGqIQqS2XIOgxFHbinCRvHUIatXjHQM9PwJBWfWgUK,f,t,2021-07-01 12:42:24.136+08,2021-09-30 03:00:22.261+08
78,Brandi Kuhn,898-229-7287,Vernie_Jast@gmail.com,$2b$10$trPYDxnAeKrfdVrD4x/Wl.XTGCTljjLVqpGTBjT4mWAJ9wKl7nZaS,f,t,2021-07-01 12:42:24.186+08,2021-09-30 03:00:22.261+08
79,Andre Bauch,930-717-1358,Jeffery_Schamberger26@yahoo.com,$2b$10$j10Yg6SOypFC8SKW3Gm/wuEJahotn.0iAoDm18/FR6kE5E6hVk37K,f,t,2021-07-01 12:42:24.235+08,2021-09-30 03:00:22.262+08
80,Jordan Grady II,426-224-6670,Juwan_OConner67@yahoo.com,$2b$10$bkvTAvg3sMorCRrrY0Bjo.gxIqZoTi0u7yZAZoQFwZRNd9.eWZprm,f,t,2021-07-01 12:42:24.284+08,2021-09-30 03:00:22.262+08
81,Jennie Cartwright,631-962-0053,Stephania75@gmail.com,$2b$10$1A0M.jTCNmmEXOM0SjXLeelTYsARCEjPVf0wfcBfCrHMO1A02ikt2,f,t,2021-07-01 12:42:24.333+08,2021-09-30 03:00:22.262+08
82,Roosevelt Kessler,389-459-4054,Lelah42@yahoo.com,$2b$10$wJE7BXdGdkCqtHwWvjcX9OzJvO5wPlLXOKoT8SqGzXyy1/wmHfZhS,f,t,2021-07-01 12:42:24.382+08,2021-09-30 03:00:22.262+08
83,Roland Kiehn Jr.,502-975-5688,Serenity_Medhurst32@gmail.com,$2b$10$q/.0EqE7TT/zXQLEAkdXfOUUEvOJdyMRga9VMps4Mn6IuKF6SLWFe,f,t,2021-07-01 12:42:24.432+08,2021-09-30 03:00:22.262+08
84,Andrew Deckow Sr.,213-944-1014,Kavon30@gmail.com,$2b$10$1rvZOBOwv3j6f.eRe1boN.cigdRB7fq/leMHPDQ84iCIAL9IstC6.,f,t,2021-07-01 12:42:24.481+08,2021-09-30 03:00:22.262+08
85,Emma Klocko,902-653-8058,Crystel14@hotmail.com,$2b$10$t9NTPc12XT8kdDYP1OMzuOkzHTNanjMPayjrtWXK9K6FJ5MNHdumu,f,t,2021-07-01 12:42:24.53+08,2021-09-30 03:00:22.262+08
86,Maxine Hirthe,846-644-5287,Cooper.Rogahn@yahoo.com,$2b$10$XvgOOT.q3VOA4XQ56.wzLuq9gnMpWJCxM/GjyQd7VIbG9kuX/M65u,f,t,2021-07-01 12:42:24.579+08,2021-09-30 03:00:22.262+08
87,Bernadette Runolfsson,552-634-5672,Dallas.Hills@gmail.com,$2b$10$UfoeQn3pAvj7a7gV0O0SdOXqGUKHjklb7ApiBDTxjnsGxdJ.Qo8A2,f,t,2021-07-01 12:42:24.628+08,2021-09-30 03:00:22.262+08
89,Sam Langosh,443-227-8192,Princess_Leffler6@gmail.com,$2b$10$QEFhlKj.8KCcKo.CMAembuMzb6bmAdg5l9h7oQRu2VnI6lBy0lMxG,f,t,2021-07-01 12:42:24.727+08,2021-09-30 03:00:22.262+08
90,Krystal Hettinger,275-411-3996,Lew26@yahoo.com,$2b$10$nNrdqulKNwrl926Nuvhm.edHFuzz52ZbuJ2UVz9jSWAIxQM4f3Bk2,f,t,2021-07-01 12:42:24.776+08,2021-09-30 03:00:22.263+08
91,Alfred Reynolds,441-375-9617,Federico4@gmail.com,$2b$10$B4yMaQL68yFzHrWmQNyjqOUVLtx3N.jopz4PZZ/l0UjzBOnsySovq,f,t,2021-07-01 12:42:24.826+08,2021-09-30 03:00:22.263+08
92,Stuart King,626-958-4655,Gordon49@yahoo.com,$2b$10$3i38596iMeE1HGhwsm9BXO3xau4wLd.rM9.EWxkgEus1rFF1FffHK,f,t,2021-07-01 12:42:24.875+08,2021-09-30 03:00:22.263+08
93,George Jones,773-261-3111,Shaun58@hotmail.com,$2b$10$xhXx/o9A23.XncBefkgEv.Yxwpog4edtP5c9eoYJLFC1bYQdhETQa,f,t,2021-07-01 12:42:24.924+08,2021-09-30 03:00:22.263+08
94,Miss Jonathon Hand,281-277-4839,Jacques91@hotmail.com,$2b$10$QRhuMGJrgkMGkSFRDLQD9OzJWyE0xiD2K/KpyBLTi0hSVzJwFhSiK,f,t,2021-07-01 12:42:24.973+08,2021-09-30 03:00:22.263+08
95,Stephanie Ferry,981-668-6058,Annabel31@hotmail.com,$2b$10$Tg1O7SYpGYS8qWZUHO/AoexhIDfjlU7n2F93hu0WsmjXG.cvBDsU.,f,t,2021-07-01 12:42:25.023+08,2021-09-30 03:00:22.263+08
96,Francis Upton,525-800-2067,Asia_OConner59@hotmail.com,$2b$10$Ld7xLeCllvSZ99jGi9HBK.eMMt8afQAzrSxPoK2mHO.k3NEj3xFwS,f,t,2021-07-01 12:42:25.072+08,2021-09-30 03:00:22.263+08
97,Sabrina Kovacek,482-240-9060,Henri98@gmail.com,$2b$10$Y01sxAaw.NRiykK9P/X48uSTPgTkRQ0NRpHUkBxy8x028a6qvVR/2,f,t,2021-07-01 12:42:25.123+08,2021-09-30 03:00:22.263+08
98,Steven Anderson,986-525-0150,Delilah_Herman@hotmail.com,$2b$10$ZMf2IGrjySU9RfD8yFRSnuje9oobCNEVI1zKRxP/tVWm7j2cCAvk6,f,t,2021-07-01 12:42:25.174+08,2021-09-30 03:00:22.263+08
99,Lynn Huels Jr.,612-618-8754,Jedediah_Ondricka18@gmail.com,$2b$10$ygCXiLsVpsQGxUc2JkQ1juzsYw69ihCCUzaiGAVUpvFLl77wRDi8y,f,t,2021-07-01 12:42:25.223+08,2021-09-30 03:00:22.264+08
100,Miss Rebecca Farrell,428-381-5816,Chanel_Ratke64@hotmail.com,$2b$10$ThMOTGSEa6ifjh8DpuKEXucOWzm4DvH0Ts4tym37k8xc1/oKczLp.,f,t,2021-07-01 12:42:25.273+08,2021-09-30 03:00:22.264+08
102,Mathew Bernhard Sr.,832-631-9636,Darren39@hotmail.com,$2b$10$ueiYFAFv7ZlcQuivORiphOhQMY1R65Gr0J1Wno8L5KTPA9KVAznte,f,t,2021-07-01 12:42:25.371+08,2021-09-30 03:00:22.264+08
103,Dustin Runolfsdottir,785-535-6516,Alanna21@hotmail.com,$2b$10$eYa0fOPwa7CIa5kFYAmDY.8aWETyXkkuMg5O/R/CdDn9/7WVlVAq6,f,t,2021-07-01 12:42:25.42+08,2021-09-30 03:00:22.264+08
107,Margaret Hyatt,680-722-7915,Lila_Hickle32@gmail.com,$2b$10$eKRt0YydU3AIsIjq9Syf/uC0ERjPL1HnRT2CSwEyzQqg.bdHqPO02,f,t,2021-07-01 12:42:25.617+08,2021-09-30 03:00:22.265+08
108,Miss Kari Kuhn,634-623-1512,Cayla23@hotmail.com,$2b$10$tf65r8YKWQS3J3suuN6FReQq4H47.alnvlDjVcUU5tleDlpj7XXJq,f,t,2021-07-01 12:42:25.667+08,2021-09-30 03:00:22.265+08
109,Wesley Bogisich,344-877-4783,Aurore_Flatley@yahoo.com,$2b$10$SG5FwUQQm3LiyZMAi3N9vOsAstwEvdbY7SbvmeohIrC3lk5CAgDpu,f,t,2021-07-01 12:42:25.716+08,2021-09-30 03:00:22.265+08
111,Julio Armstrong,728-561-0853,Christa.Sawayn@gmail.com,$2b$10$M5On51tivADT646IIvmt1OfL5DoON68LnDMw9w/V8y4uirkKAn9Jm,f,t,2021-07-01 12:42:25.815+08,2021-09-30 03:00:22.265+08
112,Carmen Stracke,385-909-8372,Ruthe52@hotmail.com,$2b$10$E3fYxJZWxBq5UfxTJiim.elIoRYYqPnRp69WqdjhBMDrQFpQDBrSK,f,t,2021-07-01 12:42:25.864+08,2021-09-30 03:00:22.265+08
113,Preston Miller,295-817-2970,Maxine.Roberts8@gmail.com,$2b$10$CWCekab.PH3UwxQ97ygCAeDf8OfhVIH.4yVjAAu.OZMqRWgGRj4Cm,f,t,2021-07-01 12:42:25.914+08,2021-09-30 03:00:22.265+08
114,Cody Prosacco,896-685-2370,Elliot.Bechtelar@gmail.com,$2b$10$tRv/CWt7tMu2MvQXZ90jNuh8kNW/Z8VlBH/euv9hcr7vjFil1HaZC,f,t,2021-07-01 12:42:25.963+08,2021-09-30 03:00:22.266+08
116,Lana Dietrich,768-782-2388,Avery.Walker@hotmail.com,$2b$10$At2H2a5i7KEMkcUj0M0F5uTdWGkNg.JSaSipDHz8zxE45pa8iC8OW,f,t,2021-07-01 12:42:26.062+08,2021-09-30 03:00:22.266+08
118,Lula Leuschke,965-418-4451,Kiarra61@yahoo.com,$2b$10$USBvvMoHO5KWbp5M.MqNyOQYhtt0dITM4tatfykroTgqRz5tuUiYS,f,t,2021-07-01 12:42:26.16+08,2021-09-30 03:00:22.266+08
119,Kate Flatley,626-633-1461,Christy.Osinski@hotmail.com,$2b$10$2VqAwOeogYtkaI8uYi2tNu2NzW/RGl5ukO2RkbXllP3V2swmqoK0a,f,t,2021-07-01 12:42:26.21+08,2021-09-30 03:00:22.266+08
120,Hannah Lynch,844-253-2976,Perry_Adams@hotmail.com,$2b$10$K4E4GDik6brP3yZuCkcHx.jKThK.wacPCQWjLli6Z0ccEVCF66M72,f,t,2021-07-01 12:42:26.259+08,2021-09-30 03:00:22.266+08
121,Ms. Hannah Gleason,638-690-7966,Shyann9@hotmail.com,$2b$10$lK0ZiK5hv43/GemiEQJxKuui22fm4pfrbgI65t2VcjlVrCEdMF/Yq,f,t,2021-07-01 12:42:26.309+08,2021-09-30 03:00:22.266+08
122,Raquel MacGyver,315-630-5819,Thaddeus.Jast13@yahoo.com,$2b$10$1KjHAx1Nk9DaZQOmMQDA.uoGo2Q4B9UgkMKpNuXcUD3Szx1OlO6wW,f,t,2021-07-01 12:42:26.359+08,2021-09-30 03:00:22.266+08
123,Matthew Konopelski,825-638-3217,Caroline_Kutch35@gmail.com,$2b$10$ga1EttVXHGn8UTUjobUBSud/TYHrYtkMgCLGS32osoft51aDITtgG,f,t,2021-07-01 12:42:26.408+08,2021-09-30 03:00:22.266+08
124,Rosemarie Kilback,528-706-9659,Colby_Crona@gmail.com,$2b$10$Ot6REU2N54T5DYONPWFRJ.S.IO/SU68K3gOy7JH8VO/V6r9Vicjfa,f,t,2021-07-01 12:42:26.457+08,2021-09-30 03:00:22.267+08
125,Ray Nitzsche,302-754-0022,Carrie13@gmail.com,$2b$10$Q6iV4HWO2M5yBdwRReyXU.KMTsHbZWuqUNliLZ0XhV0uy2pDNiBYa,f,t,2021-07-01 12:42:26.506+08,2021-09-30 03:00:22.267+08
126,Jackie Pagac,649-671-7308,Kirstin74@yahoo.com,$2b$10$247kSKeIrYtH01aMl2IfBO04UZRmKMovq2YJW9XvwKehmJG4GIH1e,f,t,2021-07-01 12:42:26.555+08,2021-09-30 03:00:22.267+08
127,Leslie Simonis,461-453-6261,Kayley29@yahoo.com,$2b$10$GpwSuPwY8UyMS/B/oYyvMuyG7xAfVum7eckUqpC9cEo68Sa9TLIbe,f,t,2021-07-01 12:42:26.604+08,2021-09-30 03:00:22.267+08
128,Edmund Little,463-585-4088,Serenity95@yahoo.com,$2b$10$bUc2xGdWdHUw0UENItaimeheD7UbyZFjLwwDZEAZEo1JM9FSc/36W,f,t,2021-07-01 12:42:26.653+08,2021-09-30 03:00:22.267+08
129,Stephen Adams,547-917-5777,Domenica_Christiansen@yahoo.com,$2b$10$LUtXFd8kAOJqU.coYCQtBOH1qH7m3F3AYiJyLz/g3h1zMh5lIh7mG,f,t,2021-07-01 12:42:26.703+08,2021-09-30 03:00:22.267+08
130,Luz Halvorson,604-831-2835,Aidan_Baumbach84@hotmail.com,$2b$10$rOaPRWm4w8M9t.XP9D4lNuiGc21Z0YDfcesP.6qv.pd9TKhqGoFjm,f,t,2021-07-01 12:42:26.752+08,2021-09-30 03:00:22.267+08
132,Terry Stracke,908-812-3346,Cornell.Paucek@yahoo.com,$2b$10$svqgPoMebDiFhfZTpbp0CelZmEkWSPmQLJNgHZ4utcM3s9KHuVGEK,f,t,2021-07-01 12:42:26.851+08,2021-09-30 03:00:22.268+08
133,Ebony Rice V,968-814-5768,Zack.Stehr@gmail.com,$2b$10$A2smG0Tbx//REX0gCZQUfey/YsRCuaUY6cjm9QaK4PYXsXX.RoPX6,f,t,2021-07-01 12:42:26.9+08,2021-09-30 03:00:22.268+08
134,Ivan Pacocha,876-835-4690,Sid_Purdy@hotmail.com,$2b$10$wJYJ56PlOqoX1IcZ4C6vievLBb7a9q05Y833ezXGYCo3fq8qOZwyK,f,t,2021-07-01 12:42:26.949+08,2021-09-30 03:00:22.268+08
135,Lorraine Osinski,902-759-4703,Myah.Wuckert@hotmail.com,$2b$10$7kTnWFtl4vwMOn8M.Y9W6OXrzLa4jAtK9r7SrrQivM0uwRJ6YwzzK,f,t,2021-07-01 12:42:26.998+08,2021-09-30 03:00:22.268+08
136,Margaret Yundt,883-326-6207,Loma.Rosenbaum0@gmail.com,$2b$10$WOk8P5KXhaOUyqpXKxTsR.XNcaaqLtndNFTKBO.MgbFh36Q3FdWYO,f,t,2021-07-01 12:42:27.047+08,2021-09-30 03:00:22.268+08
137,Victoria Kozey,707-847-7010,Kathlyn26@hotmail.com,$2b$10$3XpGIuGG8LdZEap.0.sxZeX9BjtkUq/35orxYqKkwWjqcVZ4zEEzi,f,t,2021-07-01 12:42:27.096+08,2021-09-30 03:00:22.268+08
138,Miss Marc Steuber,227-392-7025,Domenico.Anderson@yahoo.com,$2b$10$q6c9sEUXNyWSHncm1TIaZe1/mg0/2CPZQLMsJ7JUJeI9aF/0IG88O,f,t,2021-07-01 12:42:27.146+08,2021-09-30 03:00:22.268+08
139,Mrs. Norman Strosin,460-556-3200,Bobbie.Ankunding90@yahoo.com,$2b$10$kha3tgDA/mqgTCreXyiQYeJz61ki2I5a2LYutHCF3WYVvXu.duK1e,f,t,2021-07-01 12:42:27.195+08,2021-09-30 03:00:22.269+08
141,Dorothy Bradtke,688-684-4417,Reilly.Hettinger82@gmail.com,$2b$10$PCv7s0o8RcMFORLO9FZuxuGRghQUsXm/VfJg5vT.MFhkQmg0xlCyW,f,t,2021-07-01 12:42:27.293+08,2021-09-30 03:00:22.269+08
142,Daniel Lebsack,445-228-4529,Elvie.Marvin@yahoo.com,$2b$10$u9EIxv0Zc5u9wnGpOiAIUu836FkOlAPlZW7iNNHq3H/D5R8JamTES,f,t,2021-07-01 12:42:27.343+08,2021-09-30 03:00:22.269+08
143,Ralph Bruen,801-218-2708,Imani53@gmail.com,$2b$10$z1JnvFbamDP.DLRmbko6AOetpbUuC3/pSE.1CcvKSsw8r0aCqVmV.,f,t,2021-07-01 12:42:27.392+08,2021-09-30 03:00:22.269+08
144,Darrel Wiza Jr.,258-943-5495,Kayla71@yahoo.com,$2b$10$0K1WoetpEXacZmc4jipbe.WLL/nSMJd28UxAdg/A3v3YGIS8/n3Ka,f,t,2021-07-01 12:42:27.441+08,2021-09-30 03:00:22.269+08
145,Brandon Hand,911-834-5900,Delta.Leffler@yahoo.com,$2b$10$WcNSMkxahK/nF96WfkoyEex6EeIu1H.8W0kokrR6slIOqbzRQJb4C,f,t,2021-07-01 12:42:27.491+08,2021-09-30 03:00:22.27+08
146,Dora Ward,398-424-8155,Lambert.Pfeffer21@yahoo.com,$2b$10$54KJvhJ36OwJEO7FII92uuJ4h30tJvpdESIkR3M6PTq5IBzrMkIrW,f,t,2021-07-01 12:42:27.54+08,2021-09-30 03:00:22.27+08
147,Loretta Daniel,833-606-7503,Doris_Rowe@yahoo.com,$2b$10$pDgS2JPYAPIU5AL9Cd64bOGrYdC0dSwcxX7Mf4LAXAKJ2h/gEX7UC,f,t,2021-07-01 12:42:27.589+08,2021-09-30 03:00:22.27+08
148,Mr. Gayle Lebsack,389-557-4956,Naomie.Hickle74@hotmail.com,$2b$10$UCeDLTdQepkxqGZogBBYbOyHcSfdZ//hjGB.IzCkjPCG6Ce8sxUwK,f,t,2021-07-01 12:42:27.638+08,2021-09-30 03:00:22.27+08
149,Kay Nolan,659-965-4266,Gracie_Bosco28@hotmail.com,$2b$10$vt3gMdhNWQuTx3MA6BFBTecOpJLgdNxnginGbkWDHWZ39mOygRzNC,f,t,2021-07-01 12:42:27.688+08,2021-09-30 03:00:22.27+08
150,Alyssa Howell,505-847-7993,Evan_Morissette@gmail.com,$2b$10$nanq.Y.fMHtmMmDKvrNzku6idNAtjJb.fZ/T2CXXjuBIigWhqHl7m,f,t,2021-07-01 12:42:27.737+08,2021-09-30 03:00:22.27+08
151,Angel Reichert,325-786-7616,Finn.Cormier56@gmail.com,$2b$10$b25e19KYa5H3KosSEN/8e./KOHtDRuNyYZq5PRdj2csDoslPN75bi,f,t,2021-07-01 12:42:27.787+08,2021-09-30 03:00:22.27+08
152,Mrs. Tanya Purdy,499-876-1436,Itzel_Rosenbaum@gmail.com,$2b$10$ltspE9457l6FFunfbvafU.CCpOYdPoflRukhDseAIM729ZHPEdKdS,f,t,2021-07-01 12:42:27.836+08,2021-09-30 03:00:22.27+08
153,Harvey Schaefer,760-447-5646,Isabel82@yahoo.com,$2b$10$jrop.sBWI/S7shHag5nIeenXezicEUAxU8mVNsey1xEGmDcMGqI/O,f,t,2021-07-01 12:42:27.885+08,2021-09-30 03:00:22.27+08
154,Josh Mraz,414-810-6591,Dejuan64@yahoo.com,$2b$10$iat/h05eOySp7lYVlXGLReJPgzThJLHzX.XafXKSPMZz1mk22Dru6,f,t,2021-07-01 12:42:27.935+08,2021-09-30 03:00:22.271+08
159,Robert Crooks,550-461-6831,Nestor.Donnelly@yahoo.com,$2b$10$gqfjJIBEvfVbl1DaAsYkOOkVJdXaD5gNmo40KuTGK5aGGlp8QPKQ6,f,t,2021-07-01 12:42:28.181+08,2021-09-30 03:00:22.271+08
160,Vicki Schamberger,528-447-7900,Jason20@gmail.com,$2b$10$fTHzJQ2dlqfj4oVsaa99UO6hIHwhtrw7mnJSeWo4qN9XUF1JRmJqC,f,t,2021-07-01 12:42:28.231+08,2021-09-30 03:00:22.271+08
161,Melanie Quigley,504-431-8629,Guiseppe.Kling@gmail.com,$2b$10$EpN5Uf0yQl84xQnMdaXHReP8ohhtdebi4xdxj.5jUbUCfgy.qXsEO,f,t,2021-07-01 12:42:28.28+08,2021-09-30 03:00:22.271+08
162,Grace Schmeler PhD,643-760-1907,Maxwell_Pacocha36@gmail.com,$2b$10$SHeaVGfV7UZ2G1njssxuguuxoBUQoFRnFp/RJ0cqPs4Gsug89pSwK,f,t,2021-07-01 12:42:28.329+08,2021-09-30 03:00:22.272+08
163,Evelyn Bartell,961-213-9521,Lysanne.Brown79@hotmail.com,$2b$10$gflEECHpjwIaVlvxvrFPWu77GUScFLljGVsVOEZrnnNTr70RvFyHy,f,t,2021-07-01 12:42:28.379+08,2021-09-30 03:00:22.272+08
164,Rex Weimann,905-674-8678,Yoshiko29@hotmail.com,$2b$10$KO7fHhWPHXffLhmL5q.EM.AblNMQ3cFpc6BCYInGZoz2sOrU8uCeS,f,t,2021-07-01 12:42:28.428+08,2021-09-30 03:00:22.272+08
165,Anna Zboncak,277-237-9730,Elliot99@gmail.com,$2b$10$C7Cw3qljVlkbjU7Wb1YUHOwMW3mV3UyqPf07dfMsgPtsLSDR6hTp2,f,t,2021-07-01 12:42:28.477+08,2021-09-30 03:00:22.272+08
166,Kara Rohan,225-657-4092,Ricky_Boehm@yahoo.com,$2b$10$DeiJqVA4HPiVQcijS9bifuFh134hIebnhDoYX01VsH8nW21C7ZrEO,f,t,2021-07-01 12:42:28.527+08,2021-09-30 03:00:22.272+08
167,Betsy Nolan,964-385-7806,Stephania.Bins72@hotmail.com,$2b$10$2LeqGQFl/KSRxOnN4FcJzukCBGENsXNjvNY40OX1yQ1X5hen8dT66,f,t,2021-07-01 12:42:28.576+08,2021-09-30 03:00:22.272+08
168,Hubert Kuhn,956-941-6604,Neva_Champlin@yahoo.com,$2b$10$hBsNPLuVSU/FUKq0.AvHdOSHnfrIzb2nlB5tAou51DqQRMvlYgbri,f,t,2021-07-01 12:42:28.626+08,2021-09-30 03:00:22.272+08
170,Miss Mamie Quigley,281-636-4341,Clement_Miller64@hotmail.com,$2b$10$ld3g.z1YJmohrviqILAZv.l2IiF9itwfo8IeakArwhIbbawlxX1v6,f,t,2021-07-01 12:42:28.725+08,2021-09-30 03:00:22.272+08
171,Alberto Morar,721-995-8424,Kyleigh80@yahoo.com,$2b$10$kzQr0Br.zl8YNeeF3be7melCmNT30pIhWw1rOKHBb9p/6rXRmxFJu,f,t,2021-07-01 12:42:28.775+08,2021-09-30 03:00:22.272+08
172,Sherry Murphy,745-970-3215,Jeffry.Labadie67@yahoo.com,$2b$10$VZP7emRFPdPRgFGBWAfqpeV1FAMYc0lkW0f1g9pI4TGcWT.mqY57e,f,t,2021-07-01 12:42:28.824+08,2021-09-30 03:00:22.273+08
174,Nellie Walter,720-754-1785,Kayli.Bogan30@gmail.com,$2b$10$sOX7BLcQLA6Qm4TqTOqiEeFxsPi7IEazFo4MI3pS/0Uk03.buPKNi,f,t,2021-07-01 12:42:28.923+08,2021-09-30 03:00:22.273+08
175,Kristie Ryan,413-228-9956,Griffin_Leuschke63@gmail.com,$2b$10$u4hxAhDnk4FDzV/sNaf0qulxLdTd8gZJnmj/T5p9Oe1o7AnkYdTC2,f,t,2021-07-01 12:42:28.972+08,2021-09-30 03:00:22.273+08
176,Mr. Blanca Dickens,891-634-6374,Chase_Marquardt@hotmail.com,$2b$10$tnQXp3pfa3rhjWILKexxaufCq.Lku709M9APe3jUcTxFgXeERXwQu,f,t,2021-07-01 12:42:29.022+08,2021-09-30 03:00:22.273+08
177,Wilfred Conroy,636-305-7188,Wiley_Macejkovic57@gmail.com,$2b$10$EHKu8r3YtttIfGaFoboJFu/SZSdjkqycccPY5Yf2oqBNaTrGv3lYG,f,t,2021-07-01 12:42:29.071+08,2021-09-30 03:00:22.273+08
178,Henry Kulas,616-966-1726,Bette.Aufderhar@yahoo.com,$2b$10$WMD13oUtxJyHbawyKOHQP.Bb17YIYeQtD2LZ50/LGlltvMBlEvxJK,f,t,2021-07-01 12:42:29.121+08,2021-09-30 03:00:22.273+08
179,Dustin Prohaska,370-675-4748,Kenna_Hettinger35@yahoo.com,$2b$10$FD/NMSCcJRVOyy/BRlQtr.95l.HI6Xpzv.amnWJEe8dtSr9h.EOZu,f,t,2021-07-01 12:42:29.17+08,2021-09-30 03:00:22.273+08
180,Peter Carroll,304-269-4076,Annabelle.Funk59@yahoo.com,$2b$10$8bqVNcZ6I7.HKILB/gWEnemY1NcfU/HPKeJugnUyKippdhvrCYq32,f,t,2021-07-01 12:42:29.219+08,2021-09-30 03:00:22.273+08
181,Rachael Schroeder,464-387-4156,Carmen47@gmail.com,$2b$10$C/lb1Tmk3ZtNP3RvFTKqcuOfW6QU48E1RsV7Wk2r2RcC50q0ct/Fe,f,t,2021-07-01 12:42:29.269+08,2021-09-30 03:00:22.273+08
183,Mrs. Dwight Luettgen,360-316-2918,Fabian.Lehner79@gmail.com,$2b$10$oaWuOwOpk7qjYbYDk5KHz.Vp01PgQ29g8Qn55/KZ7ZEP3jICYecvi,f,t,2021-07-01 12:42:29.367+08,2021-09-30 03:00:22.273+08
184,Alexander Schmeler,507-283-4178,Ethyl.Lueilwitz@hotmail.com,$2b$10$gqc2L0pOVqUosjUviK37LeqSaZ80AQ5QKztDdcv2xrwxZ.b56PcoW,f,t,2021-07-01 12:42:29.416+08,2021-09-30 03:00:22.274+08
185,Stuart King,806-584-3391,Walker_Romaguera5@hotmail.com,$2b$10$03rwawwQIWQa8DnMRNLKMeT1.bcmIi5jRf9O1uAzLzhftHe3OwFtK,f,t,2021-07-01 12:42:29.466+08,2021-09-30 03:00:22.274+08
186,Lyle Schaden,371-300-9657,Alec85@gmail.com,$2b$10$gtz.PUfA6UPyrGpauzAFbO4riVZ13UPEud3PJgQ087L1gX1gwDsJC,f,t,2021-07-01 12:42:29.515+08,2021-09-30 03:00:22.274+08
187,Van Quitzon,956-430-8872,Fanny_Bayer82@yahoo.com,$2b$10$e4GaNMc5rBGmJiePWJAK8ekVa0v8gj2N1CZKirSoNiUHSSpCNmVEK,f,t,2021-07-01 12:42:29.565+08,2021-09-30 03:00:22.275+08
189,Rebecca Herzog DDS,552-785-7949,Maybelle74@yahoo.com,$2b$10$yHaK/yrjy1oQO0hV/OoWsuqTBMzOze247Rw9ClsViZHRr3gdzhvsi,f,t,2021-07-01 12:42:29.664+08,2021-09-30 03:00:22.275+08
190,Rita Luettgen,386-600-3138,Brandi_Thompson@yahoo.com,$2b$10$trL70qg6JCml4glHvM6sauR5Q.hbyFeoSHzulD4T/2NjitCnYJ3xq,f,t,2021-07-01 12:42:29.713+08,2021-09-30 03:00:22.275+08
191,Jeanette Senger,362-347-8955,Geraldine_Hamill75@yahoo.com,$2b$10$IvCJfBn1KAMCVifgrYgif.XoovO1BlHG46u6T4ZY7G33iSsz22rhe,f,t,2021-07-01 12:42:29.763+08,2021-09-30 03:00:22.275+08
192,Gerald Feil,299-254-4239,Steve_Dickens@yahoo.com,$2b$10$lasUckfj4nJ.nyu/g94ln.dFocJVsW/8lmuAfOi8850EyYuJ5MLpi,f,t,2021-07-01 12:42:29.812+08,2021-09-30 03:00:22.276+08
193,Mr. Craig Beier,827-516-6055,Braden_Murray@hotmail.com,$2b$10$q7cOertZY1VCOGPpYe14p.VT0U5RAPOkOU76BGevNDeSMNM05Mr72,f,t,2021-07-01 12:42:29.861+08,2021-09-30 03:00:22.276+08
194,Dexter Little,543-335-1706,Luisa18@hotmail.com,$2b$10$gJMrKw5LJZu/wjhmsWj2pOhFiH/JKNHzSxuV6JaWpSwcXUPSK3LHi,f,t,2021-07-01 12:42:29.911+08,2021-09-30 03:00:22.276+08
195,Miguel Miller,329-586-6594,Tia_Moore31@hotmail.com,$2b$10$uGjWrRhi5hsbbNRh77B0auUFZSkAWlwOXtvqyf5Lsmy4G4z326n1y,f,t,2021-07-01 12:42:29.96+08,2021-09-30 03:00:22.276+08
196,Miss Tara Bauch,616-811-8781,Viviane34@gmail.com,$2b$10$XE.cF4tmvoIM49eKUhNYWem.TrysctIp6hpbdbd2GAj5T0H0rgwIO,f,t,2021-07-01 12:42:30.009+08,2021-09-30 03:00:22.276+08
197,Elisa Lemke,988-748-4096,Davon.Stehr93@yahoo.com,$2b$10$uTcEjIk2/7sWz95Hvk.nte2RTE/yOl.bEJf6pjTCgIa4K1E2u14IW,f,t,2021-07-01 12:42:30.059+08,2021-09-30 03:00:22.276+08
198,Brittany Russel,545-837-5419,Brionna.Lakin@gmail.com,$2b$10$WAdnNst9KH5f/BthNUUFT./2hKszzk4O2sIVyoI5FCujiPcNFu.V6,f,t,2021-07-01 12:42:30.108+08,2021-09-30 03:00:22.276+08
199,Eddie Feest IV,892-922-9391,Timmy21@hotmail.com,$2b$10$fPb076DzmLl.JH.rTdZ4h.ogKe514DyaQ3c/BXRl5ToQLHVrgIvQy,f,t,2021-07-01 12:42:30.157+08,2021-09-30 03:00:22.276+08
200,Bryan Jaskolski DDS,288-985-6640,Bette_Wilderman@hotmail.com,$2b$10$8Wk58b/H6ISRUE03LSHmuOkzBO2qbv12c.834rDO1Muw/8wnK57w2,f,t,2021-07-01 12:42:30.207+08,2021-09-30 03:00:22.276+08
201,Hilda Tillman,640-944-7277,Wellington0@gmail.com,$2b$10$MymFZe29IKlxNg.OJRAOC.93ezmbyxTiTRXRq6gZ8p0EL52C0Rvwm,f,t,2021-07-01 12:42:30.256+08,2021-09-30 03:00:22.276+08
202,Raquel Gerhold,251-848-9838,Verda_Lueilwitz86@gmail.com,$2b$10$B7iaS1xPs.jInWI9IfZ9YOnuffoTgK1L03xx6gWDoeDjQNJLTQ/Bq,f,t,2021-07-01 12:42:30.306+08,2021-09-30 03:00:22.276+08
203,Patty Jast,361-346-3878,Norene_Hamill@yahoo.com,$2b$10$4PPXvX1R7Hq1SQ1MaURLzuK20G1XWzEkSWk10Vn7ysb8W/Eu1iXPa,f,t,2021-07-01 12:42:30.355+08,2021-09-30 03:00:22.277+08
204,Boyd Hudson,591-822-8849,Maegan53@hotmail.com,$2b$10$RmvSZDimJnkEA44FISmusu6nQdVMWTTu60Fi4VhuVpmBPuSAl9UE6,f,t,2021-07-01 12:42:30.405+08,2021-09-30 03:00:22.277+08
205,Justin Reinger,857-668-3761,Alford_Johnson@gmail.com,$2b$10$uT2jX66R5kJIoUWHQNz1k.7ZzODMDK/fLuaWgzL6t1zf6OKvsPKLC,f,t,2021-07-01 12:42:30.454+08,2021-09-30 03:00:22.277+08
1,Tonya McGlynn,368-291-3696,Tamara4@hotmail.com,$2b$10$Kn2n76kkvUwSh8AxEVyDAudfcn/UxwF3RHOF2fwQTpCaA3uRKDaFq,f,t,2021-07-01 12:42:20.374+08,2021-09-30 03:00:22.253+08
2,Mrs. Ollie Kohler,812-479-0855,Alverta84@hotmail.com,$2b$10$h1ctqv18QL1kaAyCno9tS.FpMroRKdeKoPDTkK5FWT496EcFRuOHC,f,t,2021-07-01 12:42:20.425+08,2021-09-30 03:00:22.253+08
4,Todd Wolff,948-324-8724,Prince.Keeling74@yahoo.com,$2b$10$qGRH8s0R.pi2.Y57jexhl.EX4XJRcnZk5.C9yo2DkshLDN680NA7a,f,t,2021-07-01 12:42:20.524+08,2021-09-30 03:00:22.254+08
10,Preston Rutherford,994-395-2977,Viva_Ernser@gmail.com,$2b$10$0GYWoZBOfIT1OOJC5ZDQuepyLtsySLVZAyMAeKTEHfp0Duxh3ktC2,f,t,2021-07-01 12:42:20.821+08,2021-09-30 03:00:22.254+08
21,Mr. Chad Kirlin,288-600-0822,Wilmer_DAmore@yahoo.com,$2b$10$6jugavQy6vAYw.5frtHbgevwOz9tYckdz19FVUhxApaLb1Zw.Mate,f,t,2021-07-01 12:42:21.364+08,2021-09-30 03:00:22.256+08
32,Jean Herman IV,745-752-3504,Chelsie.Macejkovic44@yahoo.com,$2b$10$mR3fwNBISDAv5U91wasvm.3tKp7kPaL6msz0dWFdTvTXmqf3UGjkW,f,t,2021-07-01 12:42:21.91+08,2021-09-30 03:00:22.257+08
45,Toby Veum,661-260-1268,Khalid.Kertzmann84@gmail.com,$2b$10$lzwFXZOyigZQuv7U4kmgeezL78cWy5c/tVKHm5418wB1nfRiFJA12,f,t,2021-07-01 12:42:22.553+08,2021-09-30 03:00:22.258+08
52,Jan Fisher,844-227-9258,Dax91@yahoo.com,$2b$10$iCCk0kSFS7fOVHPCg79hr.MhJJ.9p6lzGRz8Yu2a7e3dLLATvbCnm,f,t,2021-07-01 12:42:22.9+08,2021-09-30 03:00:22.259+08
53,Beth Reichel,600-511-1580,Cleta.Cole@gmail.com,$2b$10$EIBiCJKZoi5qY/fSYy/SJe3bII61rSt7Sjczr1WU4ptCV2ar2Kiwa,f,t,2021-07-01 12:42:22.949+08,2021-09-30 03:00:22.259+08
54,Shelia Roberts,502-521-8538,Declan_Gorczany40@yahoo.com,$2b$10$qBH/dunLXccyJpgEzf7VHOwH3Oa9yq8IBLhTbbhK1TbdIuVtkSDV.,f,t,2021-07-01 12:42:22.999+08,2021-09-30 03:00:22.259+08
55,Rogelio Gislason,888-848-8323,Savannah.Gerhold@yahoo.com,$2b$10$kZAFhhWbucs3dIU4gRVlyOQuERT6KOcbg651P8ndufpOll1Tvqk3e,f,t,2021-07-01 12:42:23.048+08,2021-09-30 03:00:22.259+08
59,Oscar O'Conner,906-220-0523,Jolie_Rogahn20@gmail.com,$2b$10$hcObx5/FHF0YfuBMGzQ7f.r2ikFzm1S3wizJ81Yb7S743EcczVIh6,f,t,2021-07-01 12:42:23.246+08,2021-09-30 03:00:22.259+08
67,Angel Torp,733-208-9354,Ulises.Huel@yahoo.com,$2b$10$W3xuP9bsHgKXNuOKAkXzy.kW1u9Ehp8.dox9ELi8mySZ4qHr7chCi,f,t,2021-07-01 12:42:23.643+08,2021-09-30 03:00:22.26+08
73,Fredrick Flatley,772-760-5826,Cecile25@hotmail.com,$2b$10$fly7Ax4giUmn8pV39e67LehDljKMywGXO8G.12MeMzRuHSELddtbq,f,t,2021-07-01 12:42:23.939+08,2021-09-30 03:00:22.261+08
88,Ms. Brandon Raynor,904-205-5127,Kristofer.Daniel29@yahoo.com,$2b$10$nJP93yYmCWgGzquaeFIDc.1j6L1c9RhlbnVU6u9PZlSaiENoZ7qG.,f,t,2021-07-01 12:42:24.678+08,2021-09-30 03:00:22.262+08
101,Mr. Brandy Feest,615-201-7651,Merritt.Sauer@gmail.com,$2b$10$14kADfHxaVIuA9l0GAoh8uW7DjxNwtTDK43K04KyYgxt1Fc9O8Jmu,f,t,2021-07-01 12:42:25.322+08,2021-09-30 03:00:22.264+08
104,Kristin Jerde,894-865-1356,Delaney.Lubowitz38@gmail.com,$2b$10$sxSQ7ksJd3/NrimX7yc69uIx38vPvPKjyP6Gib.8w4226GCcre9y2,f,t,2021-07-01 12:42:25.47+08,2021-09-30 03:00:22.265+08
105,Gabriel Spinka,410-650-6184,Eusebio.Schmidt29@yahoo.com,$2b$10$46xRIZnHzbmIQpQmit1jI.Zx82dsOsvW6ZEllaVXJfcuQsf9VR7Ju,f,t,2021-07-01 12:42:25.519+08,2021-09-30 03:00:22.265+08
106,Tasha Kling,378-205-6821,Enoch.Pfannerstill27@gmail.com,$2b$10$RMJmsw3NVLXFO6rKLhUga.cbyVSnCDWMKzhdetaRT3ObJITNLFRGO,f,t,2021-07-01 12:42:25.568+08,2021-09-30 03:00:22.265+08
110,Ana Casper,475-401-4970,Astrid.Hessel@yahoo.com,$2b$10$a/LYVLnznxxx2IrtRGSOseeaClq7lGzNnSFpFhYOtACADVExT96he,f,t,2021-07-01 12:42:25.765+08,2021-09-30 03:00:22.265+08
115,Norma Bruen,234-354-9362,Alyce.Goyette69@gmail.com,$2b$10$ZpFTwmiKDVYXo0Bj7flW0eVjSM4g3H0QwBpFgLEG9izBXrUHQWMvq,f,t,2021-07-01 12:42:26.012+08,2021-09-30 03:00:22.266+08
117,Mr. Dave Wiegand,528-275-0624,Rick_Olson@yahoo.com,$2b$10$B3d5bfQLHXsbgGR908wrb.Qe9AubDxXYnXbEKOYPCnLaMTIF5oXX.,f,t,2021-07-01 12:42:26.111+08,2021-09-30 03:00:22.266+08
131,Vernon Hodkiewicz,648-340-4290,Mckenna.Hirthe65@gmail.com,$2b$10$bQdi4Qb3EV3hZeOtUOf6DepPsS7GbGDio49tZsIhtiERY7tGI1NWK,f,t,2021-07-01 12:42:26.801+08,2021-09-30 03:00:22.267+08
140,Nicolas Cassin III,462-596-9439,Forrest.Turcotte@hotmail.com,$2b$10$yOvVxaeAlW5qlwGxFkAAHOxjyeLQHoOVMhrVRzBm97hqYJr6e/g5m,f,t,2021-07-01 12:42:27.244+08,2021-09-30 03:00:22.269+08
155,Luis Littel,592-226-7222,Clifford_Quitzon@gmail.com,$2b$10$oAcaXleygBLVzGY6MN8fCOl8MbemPjuKp4Bh05F5cA73cxM8aQc6m,f,t,2021-07-01 12:42:27.984+08,2021-09-30 03:00:22.271+08
156,Bruce Hilpert,827-768-6085,Burnice_Hodkiewicz@gmail.com,$2b$10$dYBTs3teKsurkhUxsqsUb.HvTUqo/haCKPjCGnj74iioJ71jThPWu,f,t,2021-07-01 12:42:28.033+08,2021-09-30 03:00:22.271+08
157,Kellie Runolfsson,624-914-5544,Antone_Gottlieb@gmail.com,$2b$10$nhBWyQiVdbJMqoSwh4Z9zeIx3YTq6j71C801Jy6gptYPZPOd4zjDy,f,t,2021-07-01 12:42:28.082+08,2021-09-30 03:00:22.271+08
158,Rosemarie Brakus,828-694-3826,Solon.Zboncak84@gmail.com,$2b$10$rTW94kt6/uGHrbTbicu2de4R9QEfMXqwaLoiL8ScEsYgxGW3vmK3G,f,t,2021-07-01 12:42:28.132+08,2021-09-30 03:00:22.271+08
169,Gabriel Friesen,431-413-1206,Javier_Spencer@hotmail.com,$2b$10$NNXct8E0/Te4/nCam0gDNu05QQNNl6XHtFAOLW2XBVu4lLZHwUF82,f,t,2021-07-01 12:42:28.676+08,2021-09-30 03:00:22.272+08
173,Marion Morissette,380-689-9251,Mitchell9@yahoo.com,$2b$10$U9WFkDnvsvIKa5NskKLJJ.XUjpEXJ2DoP9xS65WKf.AzuRidwZULO,f,t,2021-07-01 12:42:28.874+08,2021-09-30 03:00:22.273+08
182,Allan Erdman,387-484-9384,Ryleigh80@hotmail.com,$2b$10$h.mPmG9WRBgk8FDeBEU0TubSLGZitpi9uArKp.N6fNeuSUNPyJAcy,f,t,2021-07-01 12:42:29.318+08,2021-09-30 03:00:22.273+08
188,Monique Hills,204-462-9925,Fredrick.White@yahoo.com,$2b$10$lrszK5sg9dgUMRB/tjsVye61LDrL6aWT1DS/svKMIFnTgdqjbZGaW,f,t,2021-07-01 12:42:29.614+08,2021-09-30 03:00:22.275+08
206,Mattie Rippin,760-369-5380,Stan.Koch@yahoo.com,$2b$10$Jch4NLSPBiTbVqWYGPPPYeC/hVqEXOZpAit0Bu.V6nzYSWncWO.5m,f,t,2021-07-01 12:42:30.504+08,2021-09-30 03:00:22.277+08
207,Emilio Kuhn,431-353-7646,Kellen_Jacobson@yahoo.com,$2b$10$zB4tGIuJ5B8PeooHRQHsQetKHlBBn50Z3rRPPnT9No1.oV7Fd1gvK,t,f,2021-07-01 12:42:30.553+08,2021-09-30 03:00:22.277+08
210,Ruben Jacobs,969-319-0627,Kenna.McKenzie@hotmail.com,$2b$10$faZeT79l1kEnLKXvEj4TLOHy6AwxxW.EC9HcA6JClVTdU.f5gU5Tu,t,f,2021-07-01 12:42:30.702+08,2021-09-30 03:00:22.277+08
211,Angelo Mosciski,570-451-7007,Jillian32@hotmail.com,$2b$10$DlZnp.h3aAvhqOaZvcfE7uEQSdkW2HB1rh2huHK3qj5.JbfhCOIgi,t,f,2021-07-01 12:42:30.751+08,2021-09-30 03:00:22.277+08
213,Miranda Tremblay,576-409-4353,Mark51@hotmail.com,$2b$10$kA7Qfbg7YrQCnkryTf60gOlkJZ.sm3BpJz48wtjRCSw9gNW1wYNWe,t,f,2021-07-01 12:42:30.851+08,2021-09-30 03:00:22.277+08
214,Miss Jody Gaylord,646-839-8282,Kenyatta.Ondricka23@yahoo.com,$2b$10$hJFvRSfducMJpMjfe7xMw.hXxzcwVYvB.4txdvwv7quS1YrUE0hJe,t,f,2021-07-01 12:42:30.9+08,2021-09-30 03:00:22.277+08
215,Max Murray,548-239-9664,Megane54@yahoo.com,$2b$10$7ecNhKHRoeFz4H0ZauNt4.z5gT5KEwWaQ.UFYL.w1U/ju8W9aRL/2,t,f,2021-07-01 12:42:30.949+08,2021-09-30 03:00:22.278+08
216,Dale Zboncak,684-418-6528,Jaunita30@hotmail.com,$2b$10$1iwNkkAhWyzXP2VxYT4HHufqz6.CnUiG5xih0xqz4fjh4ocsPLna6,t,f,2021-07-01 12:42:30.999+08,2021-09-30 03:00:22.278+08
217,Kristy Schulist,685-853-5020,Kendall66@gmail.com,$2b$10$ZsPlTkmLk430xuTPi/AF2eMBB6IHSKzWa9f25gePRRvqRxbdoShLi,t,f,2021-07-01 12:42:31.049+08,2021-09-30 03:00:22.278+08
218,Orville Wisoky,283-945-8721,Cedrick79@gmail.com,$2b$10$jEUa.KjgQDeANmk8q00L2uYuTgd8plEAlH4.0MXOAW3oK5vfuos3G,t,f,2021-07-01 12:42:31.098+08,2021-09-30 03:00:22.278+08
219,Kelly Wunsch,779-825-9849,Vilma_Schroeder@gmail.com,$2b$10$2rV5fnrPmtG7vh7cwrrPnOu0cHz9jnfuuIvqmHBtHmfrBzq7SxMUq,t,f,2021-07-01 12:42:31.148+08,2021-09-30 03:00:22.278+08
220,Randal Turner,955-833-6146,Kaleigh97@gmail.com,$2b$10$dovJwTSKmoAbRUZtN6kitO2w.ZLG7s4e9tL3TShj9hosJ9BjJe9tG,t,f,2021-07-01 12:42:31.197+08,2021-09-30 03:00:22.278+08
208,Ms. Leon Lebsack,411-356-6351,Gustave59@hotmail.com,$2b$10$Ass6PDttWYV4gJbJa7VOGu.szf8i2IVYWXihGatphUXB/IIm6d8ja,t,f,2021-07-01 12:42:30.603+08,2021-09-30 03:00:22.277+08
209,Kimberly Parker,248-408-7363,Lucious51@gmail.com,$2b$10$nndgQBrxKI4gBYBBW8o8v.9vcc.juIsxKcrf86FU62eQZR5kBAS8W,t,f,2021-07-01 12:42:30.652+08,2021-09-30 03:00:22.277+08
212,Melba Farrell,603-419-6189,Tatum55@yahoo.com,$2b$10$joBu8OD2KMrVw7jYd2DPw.F/SexKBD01wJL8Bz848K9TRYT41YhOe,t,f,2021-07-01 12:42:30.801+08,2021-09-30 03:00:22.277+08
223,Ian Yip,603-419-6189,ianyip@gmail.com,$2b$10$joBu8OD2KMrVw7jYd2DPw.F/SexKBD01wJL8Bz848K9TRYT41YhOe,t,f,2021-07-01 12:42:30.801+08,2021-09-30 03:00:22.277+08